-- phpMyAdmin SQL Dump
-- version 5.2.0
-- https://www.phpmyadmin.net/
--
-- Host: 127.0.0.1
-- Generation Time: Apr 15, 2023 at 05:32 AM
-- Server version: 10.4.27-MariaDB
-- PHP Version: 8.0.25

SET SQL_MODE = "NO_AUTO_VALUE_ON_ZERO";
START TRANSACTION;
SET time_zone = "+00:00";


/*!40101 SET @OLD_CHARACTER_SET_CLIENT=@@CHARACTER_SET_CLIENT */;
/*!40101 SET @OLD_CHARACTER_SET_RESULTS=@@CHARACTER_SET_RESULTS */;
/*!40101 SET @OLD_COLLATION_CONNECTION=@@COLLATION_CONNECTION */;
/*!40101 SET NAMES utf8mb4 */;

--
-- Database: `technews`
--

-- --------------------------------------------------------

--
-- Table structure for table `api_interval`
--

CREATE TABLE `api_interval` (
  `api_name` varchar(100) NOT NULL,
  `last_update` datetime NOT NULL
) ENGINE=InnoDB DEFAULT CHARSET=utf8mb4 COLLATE=utf8mb4_general_ci;

--
-- Dumping data for table `api_interval`
--

INSERT INTO `api_interval` (`api_name`, `last_update`) VALUES
('newsapi', '2023-04-13 17:28:05');

-- --------------------------------------------------------

--
-- Table structure for table `category`
--

CREATE TABLE `category` (
  `category_id` int(11) NOT NULL,
  `category_name` varchar(100) NOT NULL,
  `post` int(10) NOT NULL,
  `query` varchar(100) NOT NULL
) ENGINE=MyISAM DEFAULT CHARSET=latin1 COLLATE=latin1_swedish_ci;

--
-- Dumping data for table `category`
--

INSERT INTO `category` (`category_id`, `category_name`, `post`, `query`) VALUES
(34, 'Mobile Phones & Tablets', 50, '\"phones\" OR \"tablet\"'),
(31, 'Hardware', 41, '\"hardware\"'),
(32, 'Software', 32, '\"software\"'),
(33, 'Cybersecurity', 46, '\"cybersecurity\"');

-- --------------------------------------------------------

--
-- Table structure for table `post`
--

CREATE TABLE `post` (
  `post_id` int(11) NOT NULL,
  `title` varchar(100) NOT NULL,
  `description` text NOT NULL,
  `category` int(10) NOT NULL,
  `post_date` datetime NOT NULL,
  `author` varchar(100) NOT NULL,
  `post_img` varchar(100) NOT NULL,
  `content` text NOT NULL,
  `post_url` varchar(100) NOT NULL
) ENGINE=MyISAM DEFAULT CHARSET=latin1 COLLATE=latin1_swedish_ci;

--
-- Dumping data for table `post`
--

INSERT INTO `post` (`post_id`, `title`, `description`, `category`, `post_date`, `author`, `post_img`, `content`, `post_url`) VALUES
(2097, 'These Small Purchases Will Change Your Life, According to Reddit', 'Sometimes you just don’t know what you’re missing. For years I thought I was a maximally efficient suitcase-packer, and scoffed at packing cubes. How could they possibly improve upon what I’m already doing? But one day I got a set, and realized I’d been livin…', 34, '2023-03-30 16:30:00', 'Beth Skwarecki', 'https://i.kinja-img.com/gawker-media/image/upload/c_fill,f_auto,fl_progressive,g_center,h_675,pg_1,q', 'Sometimes you just dont know what youre missing. For years I thought I was a maximally efficient suitcase-packer, and scoffed at packing cubes. How could they possibly improve upon what Im already do… [+3788 chars]', 'https://lifehacker.com/these-small-purchases-will-change-your-life-according-1850279880'),
(2098, 'Google Pixel 7 phones are cheaper than ever right now', 'If you’re in the market for a new Android phone, now is a good time to pick up one of the best at a significant discount. Google has reduced the price of the entire Pixel family, including the flagship 7 Pro. On both Amazon and the Google Store, you can get t…', 34, '2023-03-19 15:52:46', 'Igor Bonifacic', 'https://s.yimg.com/uu/api/res/1.2/COiwL90z9LaMkgBRaYctUg--~B/Zmk9ZmlsbDtoPTYzMDtweW9mZj0wO3c9MTIwMDt', 'All products recommended by Engadget are selected by our editorial team, independent of our parent company. Some of our stories include affiliate links. If you buy something through one of these link… [+2044 chars]', 'https://www.engadget.com/google-pixel-7-phones-are-cheaper-than-ever-right-now-145246252.html'),
(2099, 'Microsoft\'s Surface Thunderbolt 4 Dock is a high-speed laptop and tablet hub', 'Microsoft is no stranger to making elaborate laptop docks, but its latest may be particularly appealing if you need a genuinely robust hub for work. The company has unveiled a Surface Thunderbolt 4 Dock that, as the name implies, uses speedy Thunderbolt 4 (an…', 34, '2023-04-04 18:18:56', 'Jon Fingas', 'https://s.yimg.com/uu/api/res/1.2/Q6VKl_f6AGru2zxuY4wOFw--~B/Zmk9ZmlsbDtoPTYzMDtweW9mZj0wO3c9MTIwMDt', 'Microsoft is no stranger to making elaborate laptop docks, but its latest may be particularly appealing if you need a genuinely robust hub for work. The company has unveiled a Surface Thunderbolt 4 D… [+1722 chars]', 'https://www.engadget.com/microsofts-surface-thunderbolt-4-dock-is-a-high-speed-laptop-and-tablet-hub'),
(2100, 'Qualcomm\'s Snapdragon 7+ Gen 2 will debut in mid-range phones this month', 'Qualcomm\r\n has unveiled its latest chipset that will power a wealth of mid-range phones starting later this month. Redmi and Realme are among the brands that will use the Snapdragon 7+ Gen 2 chipset.As you might expect, the chipset isn\'t quite as powerful as …', 34, '2023-03-17 07:00:23', 'Kris Holt', 'https://s.yimg.com/uu/api/res/1.2/ZSJGlDm6NNQZU5MhhLYxvg--~B/Zmk9ZmlsbDtoPTYzMDtweW9mZj0wO3c9MTIwMDt', 'Qualcomm\r\n has unveiled its latest chipset that will power a wealth of mid-range phones starting later this month. Redmi and Realme are among the brands that will use the Snapdragon 7+ Gen 2 chipset.… [+1887 chars]', 'https://www.engadget.com/qualcomms-snapdragon-7-gen-2-will-debut-in-mid-range-phones-this-month-0600'),
(2101, 'Apple\'s 10.9-inch iPad is $50 off right now', 'Apple\'s 10.9-inch 2022 iPads are improved in almost every way, including the design, performance, battery life, front facing camera and more. One of the biggest knocks is the price, so if you\'ve been holding out for a deal, Amazon now has them on sale at pric…', 34, '2023-03-21 10:36:46', 'Steve Dent', 'https://s.yimg.com/uu/api/res/1.2/4CERia6vS1JTBI5TsoiBXw--~B/Zmk9ZmlsbDtoPTYzMDtweW9mZj0wO3c9MTIwMDt', 'All products recommended by Engadget are selected by our editorial team, independent of our parent company. Some of our stories include affiliate links. If you buy something through one of these link… [+1433 chars]', 'https://www.engadget.com/apples-109-inch-ipad-is-50-off-right-now-093646112.html'),
(2102, 'Apple\'s 10.2-inch iPad is back on sale for $250', 'Now is a good time to go shopping if you\'re pining for Apple\'s most affordable tablet. Amazon is once again selling the 10.2-inch iPad with WiFi and 64GB of storage for $250, or $79 off. The discount makes it easier to justify if you\'re looking for a no-frill…', 34, '2023-03-14 14:32:07', 'Jon Fingas', 'https://s.yimg.com/uu/api/res/1.2/Yh9FwoGxcsmOfwndmePj7g--~B/Zmk9ZmlsbDtoPTYzMDtweW9mZj0wO3c9MTIwMDt', 'All products recommended by Engadget are selected by our editorial team, independent of our parent company. Some of our stories include affiliate links. If you buy something through one of these link… [+1352 chars]', 'https://www.engadget.com/apples-102-inch-ipad-is-back-on-sale-for-250-133207623.html'),
(2103, 'Apogee\'s latest Jam interface has a built-in analog compressor', 'Apogee is back with a new version of its Jam adapter that you can use to hook a musical instrument up to your computer or tablet. The JamX is the latest iteration of the peripheral, which the company debuted in 2010. The biggest change this time around is the…', 34, '2023-04-11 19:00:56', 'Kris Holt', 'https://s.yimg.com/uu/api/res/1.2/XJJ5zI5Ywr5RRMiO3aDanQ--~B/Zmk9ZmlsbDtoPTYzMDtweW9mZj0wO3c9MTIwMDt', 'Apogee is back with a new version of its Jam adapter that you can use to hook a musical instrument up to your computer or tablet. The JamX is the latest iteration of the peripheral, which the company… [+1257 chars]', 'https://www.engadget.com/apogees-latest-jam-interface-has-a-built-in-analog-compressor-170056338.htm'),
(2104, 'Apple\'s AirTag 4-pack is on sale for $90', 'Anyone looking to keep track of all their devices is in for a little treat. Apple\'s AirTag four-pack is currently on sale for $90. It equates to a 9 percent discount, knocking off a bit, but the lowest we\'ve seen was $80. Still not a bad deal now, though, if …', 34, '2023-03-20 14:45:57', 'Sarah Fielding', 'https://s.yimg.com/uu/api/res/1.2/.YbTB.6Z.95NnqsTimbFbg--~B/Zmk9ZmlsbDtoPTYzMDtweW9mZj0wO3c9MTIwMDt', 'All products recommended by Engadget are selected by our editorial team, independent of our parent company. Some of our stories include affiliate links. If you buy something through one of these link… [+1207 chars]', 'https://www.engadget.com/apple-airtag-4-pack-sale-134557134.html'),
(2105, 'Google\'s Pixel 8 may look like a rounded Pixel 7', 'Google hasn\'t even announced the Pixel 7a, but that isn\'t stopping leakers from claiming to know something about the Pixel 8 series. OnLeaks and Smartprix have shared what they say are renders of the Pixel 8 Pro design. At first glance, it appears to be a sub…', 34, '2023-03-14 20:42:30', 'Jon Fingas', 'https://s.yimg.com/uu/api/res/1.2/_3a6wlU6f6jFnp0gr23LTQ--~B/Zmk9ZmlsbDtoPTYzMDtweW9mZj0wO3c9MTIwMDt', 'Google hasn\'t even announced the Pixel 7a, but that isn\'t stopping leakers from claiming to know something about the Pixel 8 series. OnLeaks and Smartprix have shared what they say are renders of the… [+1449 chars]', 'https://www.engadget.com/googles-pixel-8-may-look-like-a-rounded-pixel-7-194230413.html'),
(2106, 'Android can automatically archive apps you aren\'t using', 'After a teaser last year, Google is ready to help you save space on your phone by shelving unused apps. The company is rolling out an auto-archive feature that removes key parts of apps without erasing personal data. So long as an app is still available on th…', 34, '2023-04-11 17:03:37', 'Jon Fingas', 'https://s.yimg.com/uu/api/res/1.2/nlm0UwtgoZYdf1SX1lZv0g--~B/Zmk9ZmlsbDtoPTYzMDtweW9mZj0wO3c9MTIwMDt', 'After a teaser last year, Google is ready to help you save space on your phone by shelving unused apps. The company is rolling out an auto-archive feature that removes key parts of apps without erasi… [+1251 chars]', 'https://www.engadget.com/android-can-automatically-archive-apps-you-arent-using-150337942.html'),
(2107, 'Google launches a beta Nearby Share app for Windows PCs', 'Back at CES 2022, Google talked about how it‘s improving Android’s integration with the Windows ecosystem in several ways. Nearby Share was one of the features it promised for Microsoft’s desktop OS. Now, the tech giant has rolled out a beta Nearby Share app …', 34, '2023-04-01 14:02:01', 'Mariella Moon', 'https://s.yimg.com/uu/api/res/1.2/d6sN__tS7fJHj96ely9rjA--~B/Zmk9ZmlsbDtoPTYzMDtweW9mZj0wO3c9MTIwMDt', 'Back at CES 2022, Google talked about how its improving Androids integration with the Windows ecosystem in several ways. Nearby Share was one of the features it promised for Microsofts desktop OS. No… [+1464 chars]', 'https://www.engadget.com/google-launches-a-beta-nearby-share-app-for-windows-pcs-120201590.html'),
(2108, 'The 20-year-old metaverse game \'Second Life\' is getting a mobile app', 'Nearly two decades before Facebook and others were talking about the metaverse, Second Life was letting millions of users partake in virtual worlds. Now, all this time later, developer Linden Labs has announced that it\'s developing a mobile version of the gam…', 34, '2023-03-17 12:02:54', 'Steve Dent', 'https://s.yimg.com/uu/api/res/1.2/2WmZJiM6P.YRsuzcLNZN7Q--~B/aD02MzA7dz0xMjAwO2FwcGlkPXl0YWNoeW9u/ht', 'Nearly two decades before Facebook and others were talking about the metaverse, Second Life was letting millions of users partake in virtual worlds. Now, all this time later, developer Linden Labs ha… [+1383 chars]', 'https://www.engadget.com/the-20-year-old-metaverse-game-second-life-is-getting-a-mobile-app-11025443'),
(2109, 'Samsung warns of lower profits amid falling demand for memory chips', 'Samsung has warned of plummeting profits and plans to cut back on memory chip production in response to falling demand, The Korea Herald has reported. It expects to earn just 600 billion won ($455 million) for the first quarter of 2023, a drop of 96 percent f…', 34, '2023-04-07 13:35:51', 'Steve Dent', 'https://s.yimg.com/uu/api/res/1.2/LPh5ViyZLYiIctP4TJ3TwQ--~B/Zmk9ZmlsbDtoPTYzMDtweW9mZj0wO3c9MTIwMDt', 'Samsung has warned of plummeting profits and plans to cut back on memory chip production in response to falling demand, The Korea Herald has reported. It expects to earn just 600 billion won ($455 mi… [+1469 chars]', 'https://www.engadget.com/samsung-warns-of-lower-profits-amid-falling-demand-for-memory-chips-1135511'),
(2110, 'Netgear\'s first WiFi 7 router offers extra-low latency for gaming', 'The WiFi 7 standard still isn\'t final, but that isn\'t stopping Netgear from making the technology available to the public. The company has launched its first WiFi 7 router, the Nighthawk RS700S, and it\'s clear the speed isn\'t the only draw. While the 320MHz c…', 34, '2023-03-14 13:30:37', 'Jon Fingas', 'https://s.yimg.com/uu/api/res/1.2/X6XTMc0gU8E8OTNcdqss_A--~B/Zmk9ZmlsbDtoPTYzMDtweW9mZj0wO3c9MTIwMDt', 'The WiFi 7 standard still isn\'t final, but that isn\'t stopping Netgear from making the technology available to the public. The company has launched its first WiFi 7 router, the Nighthawk RS700S, and … [+1982 chars]', 'https://www.engadget.com/netgears-first-wifi-7-router-offers-extra-low-latency-for-gaming-123037814.'),
(2111, 'Google upgrades its NBA Pixel Arena app just in time for the playoffs', 'The NBA’s regular season ends in just a couple of weeks, but Google just surprise-dropped a major overhaul of its popular Pixel Arena feature. The original Pixel Arena was advertised as a virtual space for fans to fully experience the NBA, but there wasn’t mu…', 34, '2023-03-27 19:56:00', 'Lawrence Bonk', 'https://s.yimg.com/uu/api/res/1.2/ERTDGseO3gdx.tTKg.mSAg--~B/Zmk9ZmlsbDtoPTYzMDtweW9mZj0wO3c9MTIwMDt', 'The NBAs regular season ends in just a couple of weeks, but Google just surprise-dropped a major overhaul of its popular Pixel Arena feature. The original Pixel Arena was advertised as a virtual spac… [+1897 chars]', 'https://www.engadget.com/google-upgrades-its-nba-pixel-arena-app-just-in-time-for-the-playoffs-17560'),
(2112, 'Google will soon restrict loan apps from accessing users\' photos and contacts', 'Google will implement a new rule for apps providing personal loans starting on May 31st that could help protect users from abuse and harassment. The tech giant has updated its policy (via TechCrunch) to prohibit cash lending applications from being able to ac…', 34, '2023-04-06 12:09:06', 'Mariella Moon', 'https://s.yimg.com/uu/api/res/1.2/uQMJ8gxULfC2Mgc3MitHfQ--~B/Zmk9ZmlsbDtoPTYzMDtweW9mZj0wO3c9MTIwMDt', 'Google will implement a new rule for apps providing personal loans starting on May 31st that could help protect users from abuse and harassment. The tech giant has updated its policy (via TechCrunch)… [+2150 chars]', 'https://www.engadget.com/google-will-soon-restrict-loan-apps-from-accessing-users-photos-and-contact'),
(2113, 'UK bans TikTok from government devices with immediate effect', 'The UK has become the latest major jurisdiction to ban TikTok\r\n from government devices. The measure is in place with immediate effect following a security review ordered by ministers. The move is part of broader restrictions on third-party apps on government…', 34, '2023-03-16 15:25:16', 'Kris Holt', 'https://s.yimg.com/uu/api/res/1.2/qfLsY3_W9CtMaD8HPBgKqw--~B/Zmk9ZmlsbDtoPTYzMDtweW9mZj0wO3c9MTIwMDt', 'The UK has become the latest major jurisdiction to ban TikTok\r\n from government devices. The measure is in place with immediate effect following a security review ordered by ministers. The move is pa… [+2705 chars]', 'https://www.engadget.com/uk-bans-tiktok-from-government-devices-with-immediate-effect-142516712.html'),
(2114, 'How to take a screenshot on a Chromebook', 'Chromebooks are designed to be simple and straightforward, but if you’re new to Chrome OS, it may not be immediately obvious how to do certain things. One potential source of confusion is figuring out how to take a screenshot, since the keyboards built into m…', 34, '2023-03-23 16:00:44', 'Jeff Dunn', 'https://s.yimg.com/uu/api/res/1.2/q9cXMKUUPYbK4eW01Bc81Q--~B/Zmk9ZmlsbDtoPTYzMDtweW9mZj0wO3c9MTIwMDt', 'All products recommended by Engadget are selected by our editorial team, independent of our parent company. Some of our stories include affiliate links. If you buy something through one of these link… [+2496 chars]', 'https://www.engadget.com/how-to-take-a-screenshot-on-a-chromebook-150044417.html'),
(2115, 'The Morning After: Amazon’s Halo Rise sleep tracker is surprisingly helpful', 'The Halo Rise is also a small but significant piece of Amazon’s ongoing foray into health and wellness. For $140 (on sale now for $100), the Rise uses motion sensing to predict and track your breathing rate and calculate how long you’ve slept.Like Google’s Ne…', 34, '2023-04-06 13:15:05', 'Mat Smith', 'https://s.yimg.com/uu/api/res/1.2/N_llqnwNM9hQLujeHtQrQA--~B/Zmk9ZmlsbDtoPTYzMDtweW9mZj0wO3c9MTIwMDt', 'The Halo Rise is also a small but significant piece of Amazons ongoing foray into health and wellness. For $140 (on sale now for $100), the Rise uses motion sensing to predict and track your breathin… [+4991 chars]', 'https://www.engadget.com/the-morning-after-amazons-halo-rise-sleep-tracker-is-surprisingly-helpful-1'),
(2116, 'Oppo\'s Find X6 Pro packs a 1-inch sensor and a periscopic camera', 'We were left impressed with Oppo\'s Find X5 Pro last year, so naturally, we have high expectations for its successor. As announced earlier, the upcoming Find X6 Pro meets the basic requirements you\'d expect from a 2023 flagship: Qualcomm\'s Snapdragon 8 Gen 2 p…', 34, '2023-03-21 09:32:10', 'Richard Lai', 'https://s.yimg.com/uu/api/res/1.2/Aws9HeqjqMJqui61L2afYA--~B/Zmk9ZmlsbDtoPTYzMDtweW9mZj0wO3c9MTIwMDt', 'We were left impressed with Oppo\'s Find X5 Pro last year, so naturally, we have high expectations for its successor. As announced earlier, the upcoming Find X6 Pro meets the basic requirements you\'d … [+4589 chars]', 'https://www.engadget.com/oppos-find-x6-pro-packs-a-1-inch-sensor-and-a-periscopic-camera-083210934.h'),
(2117, 'How to stream every game of March Madness 2023', 'The selection committees have made their picks and the brackets are set. Another installment of arguably the best sports weekend of the year is about to tip off. March Madness or the NCAA basketball tournaments begin today with two First Four games on the men…', 34, '2023-03-14 17:30:42', 'Billy Steele', 'https://s.yimg.com/uu/api/res/1.2/GcS82YH6.M6gwfm8hBjgfA--~B/Zmk9ZmlsbDtoPTYzMDtweW9mZj0wO3c9MTIwMDt', 'The selection committees have made their picks and the brackets are set. Another installment of arguably the best sports weekend of the year is about to tip off. March Madness or the NCAA basketball … [+7012 chars]', 'https://www.engadget.com/march-madness-streaming-guide-163042028.html'),
(2118, 'The Apple Watch SE drops to its lowest price yet, plus the rest of the week\'s best tech deals', 'It\'s Friday, which means today we put together the best deals in tech we saw this week. It\'s also St. Patrick\'s day and we could make a dumb joke about \"saving some green\" — but we won\'t. Instead, we\'ll just note that the Apple Watch SE dropped to its lowest …', 34, '2023-03-17 17:45:28', 'Amy Skorheim', 'https://s.yimg.com/uu/api/res/1.2/aRWr8bU3sCqKQFaLGjRm6w--~B/Zmk9ZmlsbDtoPTYzMDtweW9mZj0wO3c9MTIwMDt', 'All products recommended by Engadget are selected by our editorial team, independent of our parent company. Some of our stories include affiliate links. If you buy something through one of these link… [+11434 chars]', 'https://www.engadget.com/the-apple-watch-se-drops-to-its-lowest-price-yet-plus-the-rest-of-the-weeks'),
(2119, 'Apple\'s AirPods Pro drop back to $200, plus the rest of the week\'s best tech deals', 'It\'s Friday, which means it\'s time for another roundup of notable discounts on good tech. Among the highlights, Apple\'s AirPods Pro are back down to $200, tying the best price we\'ve seen for the iPhone-friendly noise-cancelling earphones. Amazon has dropped t…', 34, '2023-03-24 16:43:59', 'Jeff Dunn', 'https://s.yimg.com/uu/api/res/1.2/BAMvC3_.5TRpMJE4CGUJzA--~B/Zmk9ZmlsbDtoPTYzMDtweW9mZj0wO3c9MTIwMDt', 'All products recommended by Engadget are selected by our editorial team, independent of our parent company. Some of our stories include affiliate links. If you buy something through one of these link… [+11983 chars]', 'https://www.engadget.com/apples-airpods-pro-drop-back-to-200-best-tech-deals-this-week-154133672.htm'),
(2120, 'The best live TV streaming services in 2023', 'Streaming promised us a world without cable contracts and the satisfaction of only paying for what we actually wanted to watch. But at what cost? Cutting the cord typically means you don’t get to watch local channels, live sports or certain “cable only” netwo…', 34, '2023-03-21 14:30:00', 'Amy Skorheim', 'https://s.yimg.com/uu/api/res/1.2/4Tmlls4B2YixkEkg7SsJpg--~B/Zmk9ZmlsbDtoPTYzMDtweW9mZj0wO3c9MTIwMDt', 'All products recommended by Engadget are selected by our editorial team, independent of our parent company. Some of our stories include affiliate links. If you buy something through one of these link… [+23817 chars]', 'https://www.engadget.com/best-live-tv-streaming-service-133000410.html'),
(2121, '12 Best Deals: Kindles, Tablets, and Coffee Makers', 'Easter weekend brings discounts on some of our favorite Amazon devices, plus Google Pixel phones.', 34, '2023-04-08 13:00:00', 'Medea Giordano, Gear Team', 'https://media.wired.com/photos/63977cc541224999a9db8c37/191:100/w_1280,c_limit/Amazon-Fire-HD-8-Kids', 'If you aren\'t expecting a rabbit to drop off a basket full of goodies this weekend, you can still spoil yourself. Some of our favorite Amazon devices, like Kindle e-readers and Fire HD tablets, are o… [+5739 chars]', 'https://www.wired.com/story/weekend-deals-april-8-2023/'),
(2122, 'Microsoft Adds Bing Chat to SwiftKey Beta for Android', 'Plus: Kobo’s new E Ink tablet is made for doodling, Google moves podcasts into YouTube Music, and Peloton connects to Android watches.', 34, '2023-04-08 15:00:00', 'Boone Ashworth', 'https://media.wired.com/photos/643070d14b81c928190defda/191:100/w_1280,c_limit/Bing\'s-AI-Chatbot-Can', 'The ongoing incursion of artificial intelligence into every app, service, and facet of your life continues. Microsofts popular Android keyboard app SwiftKey lets you type by swiping across letters on… [+3049 chars]', 'https://www.wired.com/story/bing-chat-swiftkey-beta-android/'),
(2123, 'How Much Detail of the Moon Can Your Smartphone Really Capture?', 'What’s the smallest lunar object a phone camera lens could resolve from Earth? Here’s what the physics of light tells us about shooting the moon.', 34, '2023-04-07 15:00:00', 'Rhett Allain', 'https://media.wired.com/photos/642f6ebffe54492c97f76b0b/191:100/w_1280,c_limit/Moon-Details-smartpho', 'I love this question from Youtuber Marques Brownlee, who goes by MKBHD. He asks: \"What is a photo?\" It\'s a deep question.\r\nJust think about how early black-and-white film cameras worked. You pointed … [+2709 chars]', 'https://www.wired.com/story/moon-zoom-smartphone-detail/'),
(2124, 'The Best MacBook Accessories (2023): Keyboards, External Monitors, and Sleeves', 'From charging adapters to external monitors, we\'ve gathered the essential peripherals for your Apple laptop.', 34, '2023-03-25 15:00:00', 'Brenda Stolyar, Gear Team', 'https://media.wired.com/photos/641b5f09a52b790517dbfead/191:100/w_1280,c_limit/Logitech-MX-Mechanica', 'The MacBook is a powerful machine. Whether you\'re using a MacBook Air for web browsing and sending emails or a MacBook Pro for graphics-intensive projects like video editing and 3D design, Apple\'s la… [+23721 chars]', 'https://www.wired.com/story/best-macbook-accessories/'),
(2125, '16 Best Spring Sales: Google Pixel Phones, Samsung Galaxy S23, and More', 'Save on Google Pixel and Samsung smartphones or camera bags and video games.', 34, '2023-03-22 23:22:00', 'Louryn Strampe', 'https://media.wired.com/photos/641b41d84d133330b1639c1c/191:100/w_1280,c_limit/Google-Pixel-Buds-Pro', 'Spring is officially here, and retailers are celebrating by holding seasonal sales. While these kinds of sale events often have themes tied to the warmer weather, these deals aren\'t limited to fitnes… [+6004 chars]', 'https://www.wired.com/story/spring-sales-2023/'),
(2126, 'Apple\'s iOS 16.4: Security Updates Are Better Than a Goose Emoji', 'Plus: Microsoft Outlook and Android patch serious flaws, Chrome and Firefox get fixes, and much more.', 34, '2023-03-31 08:00:00', 'Kate O\'Flaherty', 'https://media.wired.com/photos/64262877742c9db19ed4685f/191:100/w_1280,c_limit/security-critical-upd', 'Meanwhile, researchers at Googles Project Zero have reported 18 zero-day vulnerabilities in Exynos Modems made by Samsung. The four most severeCVE-2023-24033, CVE-2023-26496, CVE-2023-26497, and CVE-… [+3880 chars]', 'https://www.wired.com/story/ios-16-4-outlook-android-critical-update-march-2023/'),
(2127, 'Technology Addiction Has Created a Self-Help Trap', 'The history of other industries shows that individuals aren\'t always personally responsible, and that there\'s a way out.', 34, '2023-03-28 15:00:00', 'Gaia Bernstein', 'https://media.wired.com/photos/64223b0f7d0b4c5278027e62/191:100/w_1280,c_limit/ideas_technology_addi', 'For years, I sat down to work each morning, realizing hours later that I felt drained, but got little done. Instead of writing, I spent my time texting, emailing, and mostly aimlessly browsing throug… [+6517 chars]', 'https://www.wired.com/story/gaia-bernstein-technology-tobacco/'),
(2128, 'The Razer Edge Can’t Decide If It Wants To Be a Phone or a Gaming Handheld', 'It’s been six years since the Nintendo Switch launched, and the handheld market is clamoring for a successor. While great games are still being made for the platform, recent buggy releases like Pokémon: Scarlet and Pokémon Violet show that the power of the sy…', 34, '2023-04-04 14:00:00', 'Michelle Ehrhardt', 'https://i.kinja-img.com/gawker-media/image/upload/c_fill,f_auto,fl_progressive,g_center,h_675,pg_1,q', 'Its been six years since the Nintendo Switch launched, and the handheld market is clamoring for a successor. While great games are still being made for the platform, recent buggy releases like Pokémo… [+28469 chars]', 'https://gizmodo.com/razer-edge-5g-review-android-streaming-steam-deck-cloud-1850276329'),
(2129, 'Samsung\'s Galaxy S23 is One of the Best Small Android Phones You Can Buy Right Now', 'Okay, so the 6.1-inch screen on the Samsung Galaxy S23 isn’t exactly tiny compared to the 4.7-inch display on the Apple iPhone SE, or the displays on mid-range Android devices like the 5.9-inch Asus Zenfone 9. Not to mention the 3-inch Unihertz Jelly Phone 2.…', 34, '2023-03-22 22:30:00', 'Florence Ion', 'https://i.kinja-img.com/gawker-media/image/upload/c_fill,f_auto,fl_progressive,g_center,h_675,pg_1,q', 'Okay, so the 6.1-inch screen on the Samsung Galaxy S23 isnt exactly tiny compared to the 4.7-inch display on the Apple iPhone SE, or the displays on mid-range Android devices like the 5.9-inch Asus Z… [+12801 chars]', 'https://gizmodo.com/samsung-galaxy-s23-review-ultra-pixel-7-iphone-android-1850249818'),
(2130, 'Qualcomm\'s Next Mid-Range Android Chip Can Support Up to 16GB of RAM', 'Qualcomm has announced its second-generation mid-range mobile chip. The Snapdragon 7+ Gen 2 processor is built on the 4nm process. It’ll be available on Android smartphones starting this month.Read more...', 34, '2023-03-17 07:00:00', 'Florence Ion', 'https://i.kinja-img.com/gawker-media/image/upload/c_fill,f_auto,fl_progressive,g_center,h_675,pg_1,q', 'Qualcomm has announced its second-generation mid-range mobile chip. The Snapdragon 7+ Gen 2 processor is built on the 4nm process. Itll be available on Android smartphones starting this month.\r\nQualc… [+1961 chars]', 'https://gizmodo.com/qualcomms-snapdragon-7-gen-2-16-gb-ram-android-phone-1850234903'),
(2131, 'iPhones Will Soon Have Voice Isolation in Calls', 'iPhone users who still use their phone as an actual—you know—phone will soon have the ability to filter out background noise to make those calls clearer, with the coming advent of iOS 16.4 and new implementations for Voice Isolation.Read more...', 34, '2023-03-22 22:05:00', 'Kyle Barr', 'https://i.kinja-img.com/gawker-media/image/upload/c_fill,f_auto,fl_progressive,g_center,h_675,pg_1,q', 'iPhone users who still use their phone as an actualyou knowphone will soon have the ability to filter out background noise to make those calls clearer, with the coming advent of iOS 16.4 and new impl… [+2098 chars]', 'https://gizmodo.com/apple-iphone-voice-isolation-calls-facetime-voip-cell-1850253361'),
(2132, 'Nothing Is Actually Making Its April Fools\' Beer', 'Is April Fools for pranks or not anymore? Yesterday, Asus revealed that the Steam Deck competitor it joked about over the weekend is apparently real, and now Nothing’s following suit by actually producing the craft beer it teased for the internet’s worst holi…', 34, '2023-04-04 17:25:00', 'Kyle Barr', 'https://i.kinja-img.com/gawker-media/image/upload/c_fill,f_auto,fl_progressive,g_center,h_675,pg_1,q', 'Is April Fools for pranks or not anymore? Yesterday, Asus revealed that the Steam Deck competitor it joked about over the weekend is apparently real, and now Nothings following suit by actually produ… [+3511 chars]', 'https://gizmodo.com/nothing-beer-april-fools-phone-buds-stick-ear-real-pei-1850297816'),
(2133, 'Super Mario Bros. Theme Becomes the First Video Game Music to Enter the Library of Congress', 'Today, the Library of Congress announced that 25 recordings representing some of the “defining sounds of the nation’s history and culture” will be added to its National Recording Registry. For the first time, the additions will also include music from a video…', 34, '2023-04-12 18:00:00', 'Andrew Liszewski', 'https://i.kinja-img.com/gawker-media/image/upload/c_fill,f_auto,fl_progressive,g_center,h_675,pg_1,q', 'Today, the Library of Congress announced that 25 recordings representing some of the defining sounds of the nations history and culture will be added to its National Recording Registry. For the first… [+2450 chars]', 'https://gizmodo.com/super-mario-bros-theme-library-of-congress-first-game-1850327460'),
(2134, 'If You Are a Russian Diplomat, You Should Be Using a Fliphone', 'While governments around the world are racing to place restrictions on TikTok over perceived espionage and security concerns, Kremlin leaders in Moscow have their sights set on another target: smartphones. The officials, according to Russian newspaper Kommers…', 34, '2023-03-20 16:41:54', 'Mack DeGeurin', 'https://i.kinja-img.com/gawker-media/image/upload/c_fill,f_auto,fl_progressive,g_center,h_675,pg_1,q', 'While governments around the world are racing to place restrictions on TikTok over perceived espionage and security concerns, Kremlin leaders in Moscow have their sights set on another target: smartp… [+2869 chars]', 'https://gizmodo.com/iphone-russian-diplomat-kremlin-putin-use-flip-phones-1850243229'),
(2135, 'Motorola’s New $300 Phone Still Has a Headphone Jack', 'Motorola may not have updated its flagships in a while, but it’s still pushing through with a reprise of its budget devices. The latest to get a refresh is the Moto G Power 5G, which comes from a series known for its massive battery life. The Moto G Power als…', 34, '2023-04-05 15:30:00', 'Florence Ion', 'https://i.kinja-img.com/gawker-media/image/upload/c_fill,f_auto,fl_progressive,g_center,h_675,pg_1,q', 'Motorola may not have updated its flagships in a while, but its still pushing through with a reprise of its budget devices. The latest to get a refresh is the Moto G Power 5G, which comes from aserie… [+2282 chars]', 'https://gizmodo.com/motorola-budget-phone-headphone-jack-moto-g-power-5g-1850305474'),
(2136, 'Apple Might Be Ditching Touch-Based Buttons on iPhone 15', 'Just what the hell is happening with the iPhone 15’s external buttons? Despite numerous leaks and countless reports that premium iPhone 15s would ditch physical buttons and get new, trackpad-like touch-based controls, the Cupertino company may have made a las…', 34, '2023-04-12 23:35:00', 'Kyle Barr', 'https://i.kinja-img.com/gawker-media/image/upload/c_fill,f_auto,fl_progressive,g_center,h_675,pg_1,q', 'Just what the hell is happening with the iPhone 15s external buttons? Despite numerous leaks and countless reports that premium iPhone 15s would ditch physical buttons and get new, trackpad-like touc… [+3383 chars]', 'https://gizmodo.com/apple-iphone-15-taptic-touch-buttons-kuo-leak-stocks-1850329674'),
(2137, 'Android 14\'s First Public Beta is Now Available to Install on Your Pixel Device', 'Android 14 is officially out of developer preview and available as a public beta. If you’re interested in running the next version of the operating system before it’s fully baked and ready, you can!Read more...', 34, '2023-04-12 19:00:00', 'Florence Ion', 'https://i.kinja-img.com/gawker-media/image/upload/c_fill,f_auto,fl_progressive,g_center,h_675,pg_1,q', 'Android 14 is officially out of developer preview and available as a public beta. If youre interested in running the next version of the operating system before its fully baked and ready, you can!\r\nI… [+3096 chars]', 'https://gizmodo.com/android-14-public-beta-pixel-google-phone-install-1850327995'),
(2138, 'The FCC Cracks Down on Text Message Scammers', 'The Federal Communications Commission (FCC) confirmed it is implementing rules against scam texting, becoming the first rule of its kind to combat an influx of targeted spam texts in recent years. Robotic text messages are “highly likely to be illegal,” the F…', 34, '2023-03-17 16:30:00', 'Nikki Main', 'https://i.kinja-img.com/gawker-media/image/upload/c_fill,f_auto,fl_progressive,g_center,h_675,pg_1,q', 'The Federal Communications Commission (FCC) confirmed it is implementing rules against scam texting, becoming the first rule of its kind to combat an influx of targeted spam texts in recent years. Ro… [+2882 chars]', 'https://gizmodo.com/robotexts-scams-spam-texts-fcc-1850236990'),
(2139, 'Judge Lets AT&T Off the Hook for Crypto Investor SIM Swap Attack', 'One early crypto investor’s hopes to see a major telecom provider pay up for a 2017 crypto heist have been all but dashed. According to unsealed court documents filed last Thursday, the U.S. District Court for the Central District of California shared that AT…', 34, '2023-04-04 22:10:00', 'Kyle Barr', 'https://i.kinja-img.com/gawker-media/image/upload/c_fill,f_auto,fl_progressive,g_center,h_675,pg_1,q', 'One early crypto investors hopes to see a major telecom provider pay up for a 2017 crypto heist have been all but dashed. According to unsealed court documents filed last Thursday, the U.S. District … [+3124 chars]', 'https://gizmodo.com/at-t-crypto-hack-sim-card-ellis-pinsky-1850299709'),
(2140, 'What to Know About Philly\'s Tap Water After Chemical Spill', 'Residents of Philadelphia, Pennsylvania are currently grappling with uncertainty and anxiety surrounding their drinking water. On Friday night, more than 8,000 gallons of hazardous chemicals spilled into Otter Creek (also known as Mill Creek), which flows int…', 34, '2023-03-27 22:35:00', 'Lauren Leffer', 'https://i.kinja-img.com/gawker-media/image/upload/c_fill,f_auto,fl_progressive,g_center,h_675,pg_1,q', 'Residents of Philadelphia, Pennsylvania are currently grappling with uncertainty and anxiety surrounding their drinking water. On Friday night, more than 8,000 gallons of hazardous chemicals spilled … [+5793 chars]', 'https://gizmodo.com/philadelphia-tap-drinking-water-safe-chemical-spill-1850268601'),
(2141, 'This $500 Vacuum-Sealed Norwegian Cooler Might Be Better Than a Yeti', 'Who would’ve thought the lowly cooler would one day be elevated to an object of status? Rolling up to the beach with a Yeti in tow is now as much a status symbol as the car that got you there, but there’s another company vying for that same level of brand rec…', 34, '2023-04-04 15:00:00', 'Andrew Liszewski', 'https://i.kinja-img.com/gawker-media/image/upload/c_fill,f_auto,fl_progressive,g_center,h_675,pg_1,q', 'Who wouldve thought the lowly cooler would one day be elevated to an object of status? Rolling up to the beach with a Yeti in tow is now as much a status symbol as the car that got you there, but the… [+4465 chars]', 'https://gizmodo.com/oyster-tempo-cooler-yeti-aluminum-vacuum-foam-insulatio-1850295763'),
(2142, 'The Best Printers You Can Buy Right Now', 'Even the best home printer might not be the most glamorous piece of hardware you’re ever going to invest in, but there’s no doubt that these units are useful, letting you get hard copies of tickets, essays, agendas and many other kinds of documents without ha…', 34, '2023-03-30 23:45:00', 'David Nield', 'https://i.kinja-img.com/gawker-media/image/upload/c_fill,f_auto,fl_progressive,g_center,h_675,pg_1,q', 'Even the best home printer might not be the most glamorous piece of hardware youre ever going to invest in, but theres no doubt that these units are useful, letting you get hard copies of tickets, es… [+10966 chars]', 'https://gizmodo.com/best-printers-laser-color-scanner-inket-canon-brother-h-1850276022'),
(2143, 'Russian jet collides with US drone over Black Sea', 'Russian fighter jet collides with US surveillance drone over Black Sea, forcing US to bring down drone, US military says', 34, '2023-03-14 18:02:23', 'https://www.facebook.com/bbcnews', 'https://ichef.bbci.co.uk/news/1024/branded_news/83B3/production/_115651733_breaking-large-promo-nc.p', 'A Russian fighter jet has collided with a US drone over the Black Sea, forcing the US Air Force to bring down its unmanned aircraft, the American military says.\r\nIt says the drone was conducting a ro… [+493 chars]', 'https://www.bbc.co.uk/news/world-europe-64957792'),
(2144, 'TikTok: Why do countries think Chinese tech firms are a security risk?', 'An increasing number of countries are putting curbs on TikTok and other Chinese technology firms.', 34, '2023-03-23 15:46:45', 'https://www.facebook.com/bbcnews', 'https://ichef.bbci.co.uk/news/1024/branded_news/10607/production/_129097076_chinatechindex1.png', 'US Congress members have been grilling TikTok CEO Shou Zi Chew over the the safety of the social media app.\r\nThe US has threatened to ban it completely if the company remains under Chinese ownership.… [+4137 chars]', 'https://www.bbc.co.uk/news/technology-65019279'),
(2145, 'Inside Somalia\'s hidden world of sex work', 'Two Somali sex workers describe how they were drawn into the dangerous illegal underground scene.', 34, '2023-03-23 01:51:49', 'https://www.facebook.com/bbcnews', 'https://ichef.bbci.co.uk/news/1024/branded_news/14519/production/_129052238_windowpic.jpg', 'Two women in Somalia\'s capital, Mogadishu, have been talking to the BBC about how they got drawn into the underground world of sex work in a city living under the threat of violence following years o… [+7363 chars]', 'https://www.bbc.co.uk/news/world-africa-65026793'),
(2146, '50 years ago, he made the first cell phone call', 'On April 3, 1973, Martin Cooper stood on a sidewalk on sixth avenue in Manhattan with a device the size of a brick and made the first public call from a cell phone to one of the men he\'d been competing with to develop the device.', 34, '2023-04-03 14:06:18', 'Jennifer Korn', 'https://media.cnn.com/api/v1/images/stellar/prod/230331110348-martin-cooper-cell-phone-inventor-file', 'On April 3, 1973, Martin Cooper stood on a sidewalk on sixth avenue in Manhattan with a device the size of a brick and made the first public call from a cell phone to one of the men hed been competin… [+3966 chars]', 'https://www.cnn.com/2023/04/03/tech/cell-phone-turns-50/index.html'),
(2147, '‘Call of Duty’ can detect and ban XIM-style cheat hardware', 'Activision\'s Call of Duty Ricochet anti-cheat team has introduced a number of new measures designed to reduce unfair play. Those include a replay investigation tool along with detection of third-party XIM-type devices. Some cheaters will be permanently banned…', 31, '2023-04-05 12:03:14', 'Steve Dent', 'https://s.yimg.com/uu/api/res/1.2/s4HrBJnx0ajhexVC_AGJ9g--~B/Zmk9ZmlsbDtoPTYzMDtweW9mZj0wO3c9MTIwMDt', 'Activision\'s Call of Duty Ricochet anti-cheat team has introduced a number of new measures designed to reduce unfair play. Those include a replay investigation tool along with detection of third-part… [+2392 chars]', 'https://www.engadget.com/call-of-duty-can-detect-and-ban-xim-style-cheat-hardware-100314416.html'),
(2148, 'NVIDIA\'s big AI moment is here', 'When NVIDIA\'s founder and CEO Jensen Huang waxed poetic about artificial intelligence in the past, it mostly felt like marketing bluster, the sort of lofty rhetoric we\'ve come to expect from an executive with a never-ending supply of leather jackets. But this…', 31, '2023-03-21 16:35:39', 'Devindra Hardawar', 'https://s.yimg.com/uu/api/res/1.2/klcv7eJ3ip6cuTg8kpSLvQ--~B/Zmk9ZmlsbDtoPTYzMDtweW9mZj0wO3c9MTIwMDt', 'When NVIDIA\'s founder and CEO Jensen Huang waxed poetic about artificial intelligence in the past, it mostly felt like marketing bluster, the sort of lofty rhetoric we\'ve come to expect from an execu… [+1868 chars]', 'https://www.engadget.com/nvidia-gtc-ai-dgx-cloud-161517378.html'),
(2149, '8BitDo controllers now work with Apple devices', 'You no longer need to pass on 8BitDo\'s gamepads if you use Apple products. 8BitDo has confirmed that its controllers now officially support iPhones, iPads and Macs thanks to both firmware upgrades and Apple\'s recent iOS 16.3, iPadOS 16.3, tvOS 16.3 and macOS …', 31, '2023-03-20 17:36:57', 'Jon Fingas', 'https://s.yimg.com/uu/api/res/1.2/ekLqo_VW4Z9CPYD1CjRT2A--~B/Zmk9ZmlsbDtoPTYzMDtweW9mZj0wO3c9MTIwMDt', 'You no longer need to pass on 8BitDo\'s gamepads if you use Apple products. 8BitDo has confirmed that its controllers now officially support iPhones, iPads and Macs thanks to both firmware upgrades an… [+1007 chars]', 'https://www.engadget.com/8bitdo-controllers-now-work-with-apple-devices-163657954.html'),
(2150, 'Starlink’s global roaming option is now live for $200 a month', 'Starlink for RVs has been officially rebranded as Starlink Roam, now that you can opt for a global roaming package and take your terminal anywhere with you in the world where the service is available. In SpaceX\'s announcement, it said the option is meant for …', 31, '2023-03-16 06:15:51', 'Mariella Moon', 'https://s.yimg.com/uu/api/res/1.2/CPd0FDFEF00wOvy0jiShgw--~B/Zmk9ZmlsbDtoPTYzMDtweW9mZj0wO3c9MTIwMDt', 'Starlink for RVs has been officially rebranded as Starlink Roam, now that you can opt for a global roaming package and take your terminal anywhere with you in the world where the service is available… [+1524 chars]', 'https://www.engadget.com/starlink-for-rv-is-now-starlink-roam-051551211.html'),
(2151, '\'Redfall\' on Xbox won\'t have a 60 fps mode at launch', 'Don\'t expect a blistering frame rate on your Xbox when Redfall arrives on May 2nd. Arkane Studios has revealed that the vampire-slaying shooter will be limited to the 30 frames per second \"Quality\" mode on Xbox Series X and S at launch. You\'ll have to wait fo…', 31, '2023-04-12 18:03:57', 'Jon Fingas', 'https://s.yimg.com/uu/api/res/1.2/g7pyCgvZQrr0i6j4_neWpA--~B/Zmk9ZmlsbDtoPTYzMDtweW9mZj0wO3c9MTIwMDt', 'Don\'t expect a blistering frame rate on your Xbox when Redfall arrives on May 2nd. Arkane Studios has revealed that the vampire-slaying shooter will be limited to the 30 frames per second \"Quality\" m… [+1321 chars]', 'https://www.engadget.com/redfall-on-xbox-wont-have-a-60-fps-mode-at-launch-160357847.html'),
(2152, 'Framework brings updated Intel and AMD chips to its modular laptop', 'If there was a question hovering over Framework’s much-lauded modular laptop, it was for how long the company would keep supporting it. After all, companies talk a good game about being green and sustainable at launch, only to abandon those plans a year or tw…', 31, '2023-03-23 18:00:03', 'Daniel Cooper', 'https://s.yimg.com/uu/api/res/1.2/azt2viDUWneN5IioXz7pYw--~B/Zmk9ZmlsbDtoPTYzMDtweW9mZj0wO3c9MTIwMDt', 'If there was a question hovering over Frameworks much-lauded modular laptop, it was for how long the company would keep supporting it. After all, companies talk a good game about being green and sust… [+6448 chars]', 'https://www.engadget.com/framework-brings-updated-intel-and-amd-chips-to-its-modular-laptop-17000384'),
(2153, 'The Polyend Tracker Mini is a powerful and portable studio in a box', 'Easily one of the most fascinating devices I\'ve had the pleasure of reviewing is the Polyend Tracker. It\'s hard to overstate what a unique piece of hardware it is. The company followed up last year with the Play, another sample-based groovebox that took a mor…', 31, '2023-04-13 02:16:56', 'Terrence O\'Brien', 'https://s.yimg.com/uu/api/res/1.2/MxxJv5WMCGAS7NfHBsLSLw--~B/Zmk9ZmlsbDtoPTYzMDtweW9mZj0wO3c9MTIwMDt', 'Easily one of the most fascinating devices I\'ve had the pleasure of reviewing is the Polyend Tracker. It\'s hard to overstate what a unique piece of hardware it is. The company followed up last year w… [+2257 chars]', 'https://www.engadget.com/the-polyend-tracker-mini-is-a-powerful-and-portable-studio-in-a-box-0016567'),
(2154, 'Amazon\'s refreshed Fire TV Omni QLED lineup includes cheaper, smaller models', 'Amazon is once again refreshing its Fire TV sets, but the focus now is less on whiz-bang features and more on where those sets will fit. The 4K-capable Fire TV Omni QLED line now comes in smaller 43-, 50- and 55-inch models. These TVs start at a lower $450 bu…', 31, '2023-03-22 15:00:52', 'Jon Fingas', 'https://s.yimg.com/uu/api/res/1.2/PaoCtihKUJx9J_6tk08AIg--~B/Zmk9ZmlsbDtoPTYzMDtweW9mZj0wO3c9MTIwMDt', 'Amazon is once again refreshing its Fire TV sets, but the focus now is less on whiz-bang features and more on where those sets will fit. The 4K-capable Fire TV Omni QLED line now comes in smaller 43-… [+1717 chars]', 'https://www.engadget.com/amazons-refreshed-fire-tv-omni-qled-lineup-includes-cheaper-smaller-models-'),
(2155, 'Google Glass is set to disappear (again)', 'Google will no longer sell its Glass AR smart glasses for enterprise starting on March 15th, and it will only support the device until September 15th this year. The tech giant has posted those details with a notice that says \"Thank you for over a decade of in…', 31, '2023-03-16 09:25:12', 'Mariella Moon', 'https://s.yimg.com/uu/api/res/1.2/HB77RtCiVNlnLpJNAqHmMw--~B/Zmk9ZmlsbDtoPTYzMDtweW9mZj0wO3c9MTIwMDt', 'Google will no longer sell its Glass AR smart glasses for enterprise starting on March 15th, and it will only support the device until September 15th this year. The tech giant has posted those detail… [+1894 chars]', 'https://www.engadget.com/google-retires-glass-ar-eyewear-082512062.html'),
(2156, 'You can now embed a legitimate audio workstation right on your website', 'Digital audio workstations (DAWs) tend to be power-hungry, so it was already a pretty big deal when Soundation managed to fit most of the required features in a handy web app. But now the company has refined the code to allow anyone to embed a fully-functiona…', 31, '2023-03-23 19:00:21', 'Lawrence Bonk', 'https://s.yimg.com/uu/api/res/1.2/SNRDwyiQtHe_eklOYjWvSQ--~B/Zmk9ZmlsbDtoPTYzMDtweW9mZj0wO3c9MTIwMDt', 'Digital audio workstations (DAWs) tend to be power-hungry, so it was already a pretty big deal when Soundation managed to fit most of the required features in a handy web app. But now the company has… [+1988 chars]', 'https://www.engadget.com/you-can-now-embed-a-legitimate-audio-workstation-right-on-your-website-1800'),
(2157, 'Nothing’s $149 Ear 2 wireless buds have improved connectivity and more customization', 'Nothing’s revealed its second-generation Ear wireless buds. The eye-catching design sticks around and the company has tried to address some of the issues that bedeviled the original, with some much-needed improvements to connectivity and setup. Fortunately, t…', 31, '2023-03-22 16:30:40', 'Mat Smith', 'https://s.yimg.com/uu/api/res/1.2/lhaaHx3vmzeYyw.wpixsDQ--~B/Zmk9ZmlsbDtoPTYzMDtweW9mZj0wO3c9MTIwMDt', 'Nothings latest buds offer three levels of active noise cancellation (ANC): low, mid and high. The Ear 2 also offer a personalized ANC profile calibrated to your own hearing. The test is a lengthy fi… [+2393 chars]', 'https://www.engadget.com/nothing-ear-2-wireless-buds-price-release-date-impressions-153040749.html'),
(2158, 'The Morning After: Meta lays off an additional 10,000 workers', 'Meta has announced another expansive round of layoffs to cut costs. CEO Mark Zuckerberg says the company is letting go of another 10,000 workers and closing \"around 5,000 additional open roles that we haven’t yet hired.\" This follows layoffs of around 11,000 …', 31, '2023-03-15 12:52:09', 'Mat Smith', 'https://s.yimg.com/uu/api/res/1.2/TemOvslY6.zYJxlIOFOiQA--~B/Zmk9ZmlsbDtoPTYzMDtweW9mZj0wO3c9MTIwMDt', 'Meta has announced another expansive round of layoffs to cut costs. CEO Mark Zuckerberg says the company is letting go of another 10,000 workers and closing \"around 5,000 additional open roles that w… [+3664 chars]', 'https://www.engadget.com/the-morning-after-meta-lays-off-an-additional-10000-workers-115209372.html'),
(2159, 'Microsoft will bring Call of Duty and its PC games to a cloud service you’ve probably never heard of', 'Microsoft is still hard at work convincing antitrust regulators that its planned Activision Blizzard purchase won’t hurt competition in the gaming industry. Today, the company announced a 10-year agreement with Boosteroid for the cloud gaming provider to stre…', 31, '2023-03-14 18:15:02', 'Will Shanklin', 'https://s.yimg.com/uu/api/res/1.2/_JRRArcCVKVvzQqN3mqzHQ--~B/Zmk9ZmlsbDtoPTYzMDtweW9mZj0wO3c9MTIwMDt', 'Microsoft is still hard at work convincing antitrust regulators that its planned Activision Blizzard purchase wont hurt competition in the gaming industry. Today, the company announced a 10-year agre… [+3392 chars]', 'https://www.engadget.com/microsoft-will-bring-call-of-duty-and-its-pc-games-to-a-cloud-service-youve'),
(2160, '\'The Last of Us Part I\' for PC is filled with bugs', 'I love all things The Last of Us, so it pains me to report that the PC port of The Last of Us Part I, which launched yesterday, is a buggy mess. Thousands of reviews on Steam are categorized as \"mostly negative\" and are filled with mentions of frequent crashe…', 31, '2023-03-29 16:40:36', 'Nathan Ingraham', 'https://s.yimg.com/uu/api/res/1.2/ntORe1NwRutLimIiCbtceA--~B/Zmk9ZmlsbDtoPTYzMDtweW9mZj0wO3c9MTIwMDt', 'I love all things The Last of Us, so it pains me to report that the PC port of The Last of Us Part I, which launched yesterday, is a buggy mess. Thousands of reviews on Steam are categorized as \"most… [+3141 chars]', 'https://www.engadget.com/the-last-of-us-part-i-for-pc-is-filled-with-bugs-144036607.html'),
(2161, 'The Morning After: Will we see Apple\'s mixed-reality headset at WWDC 2023?', 'Apple has set the dates for WWDC 2023, which will run between June 5th and June 9th. It\'s still an online-only affair, but there will be a \"special experience\" at Apple Park on the 5th for developers and students.While we expect to see software-centric upgrad…', 31, '2023-03-30 13:15:30', 'Mat Smith', 'https://s.yimg.com/uu/api/res/1.2/w5eokYEru719pqXSfleocA--~B/Zmk9ZmlsbDtoPTYzMDtweW9mZj0wO3c9MTIwMDt', 'Apple has set the dates for WWDC 2023, which will run between June 5th and June 9th. It\'s still an online-only affair, but there will be a \"special experience\" at Apple Park on the 5th for developers… [+3748 chars]', 'https://www.engadget.com/the-morning-after-will-we-see-apples-mixed-reality-headset-at-wwdc-2023-111');
INSERT INTO `post` (`post_id`, `title`, `description`, `category`, `post_date`, `author`, `post_img`, `content`, `post_url`) VALUES
(2162, 'NVIDIA RTX 4070 review: The new 1440p gaming leader', 'Slowly, but surely, NVIDIA is making its 40-series GPUs more affordable. Now it\'s down to $599 with the new RTX 4070, a mid-range card focused on 1440p gaming. While it\'s $100 more than its predecessor\'s launch price, the fabulous RTX 3070, that card typicall…', 31, '2023-04-12 15:00:10', 'Devindra Hardawar', 'https://s.yimg.com/uu/api/res/1.2/du1WbOTdtlgISBeewFG8yw--~B/Zmk9ZmlsbDtoPTYzMDtweW9mZj0wO3c9MTIwMDt', 'Slowly, but surely, NVIDIA is making its 40-series GPUs more affordable. Now it\'s down to $599 with the new RTX 4070, a mid-range card focused on 1440p gaming. While it\'s $100 more than its predecess… [+4279 chars]', 'https://www.engadget.com/nvidia-rtx-4070-review-the-new-1440p-gaming-leader-130010874.html'),
(2163, 'Framework\'s Laptop 16 is a modular, upgradable gaming laptop', 'There have been many attempts to build an upgradable gaming laptop, and all of them have failed. Technology moves on, or the manufacturer stops being able, or willing, to support users who have already bought a machine. The most infamous example must be the A…', 31, '2023-03-23 18:00:21', 'Daniel Cooper', 'https://s.yimg.com/uu/api/res/1.2/pPoXLB.I6xahriDYVCpiQw--~B/Zmk9ZmlsbDtoPTYzMDtweW9mZj0wO3c9MTIwMDt', 'There have been many attempts to build an upgradable gaming laptop, and all of them have failed. Technology moves on, or the manufacturer stops being able, or willing, to support users who have alrea… [+9724 chars]', 'https://www.engadget.com/frameworks-laptop-16-is-a-modular-upgradable-gaming-laptop-170021876.html'),
(2164, 'System76 Pangolin Review: A 15-Inch Linux Laptop for the Masses', 'This machine delivers speed and ports aplenty, along with a great operating system.', 31, '2023-04-04 15:00:00', 'Scott Gilbertson', 'https://media.wired.com/photos/642b3824f18a89510505dfaf/191:100/w_1280,c_limit/System76-Pangolin-Lap', 'Linux may not have evolved (yet!) into the mainstream desktop operating system its advocates had hoped for, but fans of free software have never had it so good. Dell, Lenovo, HP, Purism, and System76… [+2962 chars]', 'https://www.wired.com/review/system76-pangolin-linux-laptop/'),
(2165, 'The US Is Sending Money to Countries Devastated by Cyberattacks', 'The White House is providing $25 million to Costa Rica, after giving Albania similar aid following aggression by hackers linked to Iran.', 31, '2023-03-30 02:08:13', 'Lily Hay Newman', 'https://media.wired.com/photos/6424b7b131d5ffe5d5a72951/191:100/w_1280,c_limit/The-US-Is-Sending-Mon', 'Last spring, the Costa Rican government suffered a series of ransomware attacks that hobbled critical systems around the country. As imports and exports, healthcare, and other public services were di… [+3251 chars]', 'https://www.wired.com/story/white-house-costa-rica-albania-ransomware-aid/'),
(2166, 'Amazon Sidewalk Releases a Hardware Developer Kit', 'The massive public mesh network taps into wireless bandwidth from Echo and Ring devices. Now, developers can build Sidewalk connectivity into their own gadgets and services.', 31, '2023-03-28 15:00:00', 'Michael Calore', 'https://media.wired.com/photos/642234b9182e869345a24d99/191:100/w_1280,c_limit/Amazon-Sidewalk-Gear-', 'Your Ring doorbell camera isn\'t just beaming a live videofeed from your doorstep to your computer. It\'s also extending your home network out onto the street, making a chunk of your internet bandwidth… [+3924 chars]', 'https://www.wired.com/story/amazon-sidewalk-developer-kit/'),
(2167, 'How to Love Technology Again', 'At a time when software is consuming us, we crave hardware—the material anchors of our immaterial realities.', 31, '2023-03-21 11:00:00', 'WIRED Staff', 'https://media.wired.com/photos/6414974bfd989ed72a05dc44/191:100/w_1280,c_limit/BF_WIRED_EXPORT_STILL', 'We saw it written once that software was eating the world. What really happened, it seems to us, is that software made a world of its own and invited us there to be eaten.\r\nThese days, were lighting … [+1829 chars]', 'https://www.wired.com/story/hardware-issue-how-to-love-technology-again/'),
(2168, 'Your Used Car May Soon Come With Subscription Fees', 'BMW and others have been criticized for charging monthly fees for features in new cars like heated seats. Now the tactic is coming to used cars.', 31, '2023-04-06 14:00:00', 'Aarian Marshall', 'https://media.wired.com/photos/642e043007f19c7bfb8c7f36/191:100/w_1280,c_limit/Automakers-Are-Intere', 'Automakers are just starting to figure out how to transform used car owners into subscribers. Today, most of them reach used-vehicle owners either when someone buys a used vehicle through a certified… [+3380 chars]', 'https://www.wired.com/story/automakers-subscription-revenue-used-car-owners/'),
(2169, 'Sonos Era 300 Review: Stunning Spatial, Superior Sound', 'Yes, it has looks only a mother could love—but shut your eyes and wait till you hear how mind-blowingly good this new speaker is.', 31, '2023-04-03 20:12:39', 'Simon Lucas', 'https://media.wired.com/photos/642ad958d69ecc93510cbaeb/191:100/w_1280,c_limit/Sonos-Era-300---Side-', 'No, of course you dont buy a speaker to look at it. But should your gaze fall upon your speaker while youre enjoying its sound, ideally the sight of it shouldnt make you wince. So its just as well th… [+4727 chars]', 'https://www.wired.com/review/review-sonos-era-300/'),
(2170, 'How This Museum is Building a 20-Foot-Tall Donkey Kong Arcade Machine', 'Ever wanted to feel as small as Mario did when confronted by his original, seven-foot tall gorilla nemesis? On Monday, the Strong National Museum of Play shared its new plans to create an enormous, 20-foot-tall Donkey Kong arcade cabinet. Even though it will …', 31, '2023-04-12 00:05:00', 'Kyle Barr', 'https://i.kinja-img.com/gawker-media/image/upload/c_fill,f_auto,fl_progressive,g_center,h_675,pg_1,q', 'Ever wanted to feel as small as Mario did when confronted by his original, seven-foot tall gorilla nemesis? On Monday, the Strong National Museum of Play shared its new plans to create an enormous, 2… [+4021 chars]', 'https://gizmodo.com/giant-donkey-kong-arcade-nintendo-game-cabinet-intervie-1850324786'),
(2171, 'Upper Stage of NASA\'s Artemis 2 Megarocket Is Ready for Tests', 'NASA’s Artemis 2 is feeling realer by the minute. The next upper stage of the Space Launch System (SLS) megarocket is now ready for tests at Cape Canaveral, Florida, in advance of the upcoming mission. Read more...', 31, '2023-04-11 23:10:00', 'Passant Rabie', 'https://i.kinja-img.com/gawker-media/image/upload/c_fill,f_auto,fl_progressive,g_center,h_675,pg_1,q', 'NASAs Artemis 2 is feeling realer by the minute. The next upper stage of the Space Launch System (SLS) megarocket is now ready for tests at Cape Canaveral, Florida, in advance of the upcoming mission… [+2575 chars]', 'https://gizmodo.com/upper-stage-nasa-artemis-sls-megarocket-ready-tests-1850324870'),
(2172, 'FTX\'s Cybersecurity Was Hilariously Bad', 'The disgraced crypto exchange had no dedicated cyber staff and \"protected\" users assets with minimal safeguards.', 31, '2023-04-11 03:50:00', 'Lucas Ropek', 'https://i.kinja-img.com/gawker-media/image/upload/c_fill,f_auto,fl_progressive,g_center,h_675,pg_1,q', 'FTX, the once beloved crypto exchange that went down in a ball of financially malfeasant flames last November, appears to have not given much of a shit about protecting its customers digital assets. … [+5970 chars]', 'https://gizmodo.com/ftx-sam-bankman-fried-cybersecurity-hacking-crypto-1850321150'),
(2173, 'Hobbyist builds ChatGPT client for MS-DOS', 'Hobbyist client allows futuristic AI conversations on vintage hardware.', 31, '2023-03-27 21:23:02', 'Benj Edwards', 'https://cdn.arstechnica.net/wp-content/uploads/2023/03/doschgpt-5155-front-top-760x380.jpg', 'Enlarge/ A photo of an IBM PC 5155 portable computer running a ChatGPT client written by Yeo Kheng Meng.\r\n4 with \r\nOn Sunday, Singapore-based retrocomputing enthusiast Yeo Kheng Meng released a ChatG… [+3547 chars]', 'https://arstechnica.com/information-technology/2023/03/retro-chatbot-chatgpt-comes-to-ms-dos-with-ne'),
(2174, 'Google is killing third-party Google Assistant smart displays', 'Software support is dead, and all the hardware is out of stock.', 31, '2023-04-10 19:24:49', 'Ron Amadeo', 'https://cdn.arstechnica.net/wp-content/uploads/2023/04/12-760x380.jpg', '10 with \r\n<ul><li>\r\n The Lenovo Smart Display 7: The newest (2019) third-party smart display out there. \r\n</li><li>\r\n This Lenovo Google Assistant Smart Display is the first device to ship with Andro… [+3906 chars]', 'https://arstechnica.com/gadgets/2023/04/google-is-killing-third-party-google-assistant-smart-display'),
(2175, 'Open source espresso machine is one delicious rabbit hole inside another', 'The path to epic coffee winds past Arduinos, breadboards, and firmware flashing.', 31, '2023-03-28 19:41:37', 'Kevin Purdy', 'https://cdn.arstechnica.net/wp-content/uploads/2023/03/arduino_espresso1-760x380.jpeg', 'Enlarge/ How far is too far to go for the perfect shot of espresso? Here\'s at least one trail marker for you.\r\n31 with \r\nMaking espresso at home involves a conundrum familiar to many activities: It c… [+5262 chars]', 'https://arstechnica.com/gadgets/2023/03/great-espresso-isnt-hard-enough-so-heres-a-diy-open-source-m'),
(2176, 'Steam will end support for Windows 7 and 8 in January of 2024', 'Windows 7 still runs on more Steam PCs than every version of Linux combined.', 31, '2023-03-29 17:03:59', 'Andrew Cunningham', 'https://cdn.arstechnica.net/wp-content/uploads/2022/12/win7-wallpaper-760x380.jpeg', '0 with \r\nPC gamers sticking with old versions of Windows may finally need to upgrade if they want to keep playing the games in their Steam libraries. Valve announced this week that it will stop suppo… [+2333 chars]', 'https://arstechnica.com/gadgets/2023/03/steam-will-end-support-for-windows-7-and-8-in-january-of-202'),
(2177, 'Apple’s WWDC 2023 keynote will take place on June 5', 'In addition to iOS 17 and macOS 14, Apple could announce its XR platform.', 31, '2023-03-29 20:46:37', 'Samuel Axon', 'https://cdn.arstechnica.net/wp-content/uploads/2023/03/WWDC-2023-760x380.png', 'Enlarge/ Apple\'s first promotional image for WWDC 2023.\r\n6 with \r\nApple will host its 34th annual Worldwide Developers Conference at its Cupertino, California, headquarters from Monday, June 5 throug… [+2117 chars]', 'https://arstechnica.com/gadgets/2023/03/apple-will-host-wwdc-2023-in-person-and-online-june-5-throug'),
(2178, '510K CPUs, HDDs & more seized as smugglers keep trying to sneak tech into China', 'A stuffed silicone stomach and other extreme smuggling attempts thwarted.', 31, '2023-03-31 00:34:25', 'Scharon Harding', 'https://cdn.arstechnica.net/wp-content/uploads/2023/03/laptops-listing-760x380.jpg', 'Enlarge/ Hong Kong customs said it seized about $3.8 million in tech, including these HP laptops, on Monday.\r\n2 with \r\nThe recent chip shortage showed us how far people will go to obtain rare compone… [+2695 chars]', 'https://arstechnica.com/gadgets/2023/03/510k-cpus-hdds-more-seized-as-smugglers-keep-trying-to-sneak'),
(2179, 'Nvidia’s GameStream is dead. Sunshine and Moonlight are great replacements.', 'What started as a hackathon project is now a full-fledged streaming platform.', 31, '2023-04-01 13:30:54', 'Kevin Purdy', 'https://cdn.arstechnica.net/wp-content/uploads/2023/03/gamestream_ipad-760x380.jpg', 'Enlarge/ I wish I had more games installed for iPad-on-the-couch photo purposes, but I just don\'t keep that many games on my drive at once!\r\n0 with \r\nNvidia\'s GameStream had one job, the one in its n… [+3426 chars]', 'https://arstechnica.com/gaming/2023/04/nvidias-gamestream-is-dead-sunshine-and-moonlight-are-better-'),
(2180, 'Elon Musk reportedly purchases thousands of GPUs for generative AI project at Twitter', 'Reports say it\'s a commitment to AI, despite signing cautionary AI \"pause\" letter.', 31, '2023-04-12 20:19:59', 'Benj Edwards', 'https://cdn.arstechnica.net/wp-content/uploads/2023/04/ai_twitter_hero_1-760x380.jpg', 'Enlarge/ An AI-generated image of \"a cyborg Twitter bird logo composed of thousands of computer chips.\"\r\n67 with \r\nDespite recently calling for a six-month pause in the development of powerful AI mod… [+2727 chars]', 'https://arstechnica.com/information-technology/2023/04/elon-musk-reportedly-purchases-thousands-of-g'),
(2181, 'Why game archivists are dreading this month’s 3DS/Wii U eShop shutdown', 'Industry lobbying against remote access leaves researchers cut off from game archives.', 31, '2023-03-15 21:11:42', 'Kyle Orland', 'https://cdn.arstechnica.net/wp-content/uploads/2022/05/eshops-720x380.jpg', 'Enlarge/ The end is coming for two of Nintendo\'s digital storefronts.\r\n16 with \r\nIn just a few weeks, Nintendo 3DS and Wii U owners will finally completely lose the ability to purchase new digital ga… [+5201 chars]', 'https://arstechnica.com/gaming/2023/03/why-game-archivists-are-dreading-this-months-3ds-wii-u-eshop-'),
(2182, 'Tech makers must provide repairs for up to 10 years under proposed EU law', 'Proposal doesn\'t enforce affordable spare parts, manuals, rights group complains.', 31, '2023-03-23 19:37:44', 'Scharon Harding', 'https://cdn.arstechnica.net/wp-content/uploads/2023/03/GettyImages-1305200685-1-760x380.jpg', 'Enlarge/ Smartphone repairs could be required for up to five years, while other products, like washing machines, may require up to a decade of vendor repairs.\r\n0 with \r\nMakers of numerous product cat… [+5110 chars]', 'https://arstechnica.com/gadgets/2023/03/tech-makers-must-provide-repairs-for-up-to-10-years-under-pr'),
(2183, 'Russia\'s Sberbank CEO names graphics cards as trickiest hardware ... - Reuters.com', 'Russia\'s Sberbank CEO names graphics cards as trickiest hardware ...  Reuters.com', 31, '2023-04-12 17:16:00', '', '', 'We use cookies and data to<ul><li>Deliver and maintain Google services</li><li>Track outages and protect against spam, fraud, and abuse</li><li>Measure audience engagement and site statistics to unde… [+1131 chars]', 'https://consent.google.com/ml?continue=https://news.google.com/rss/articles/CBMic2h0dHBzOi8vd3d3LnJl'),
(2184, 'The Quest 2 and PSVR 2 are rivals with a symbiotic relationship', 'Unlike the Microsoft-Sony wars, so far Meta is continuing to put games like Beat Saber on Sony\'s headset, and the only PSVR 2 exclusives are kept off the Quest by hardware limitations.', 31, '2023-04-01 18:00:00', 'michael.hicks@futurenet.com (Michael L Hicks)', 'https://cdn.mos.cms.futurecdn.net/aTBYwCnDXkDbJDfbqCThed-1200-80.jpeg', 'In the traditional console gaming space, Microsoft and Sony are fighting over exclusives, acquisitions, and fair competition, with the FTC as the arbiter. But in the more niche and new VR space, most… [+7750 chars]', 'https://www.androidcentral.com/gaming/virtual-reality/quest-2-psvr-2-are-symbiotic-rivals'),
(2185, 'Google\'s \'Find My Device\' feature may soon take a page out of Apple\'s book', 'A leak suggests Google\'s new \"Find My Device\" feature will work similarly to Apple, allowing users to find their phones when it\'s off.', 31, '2023-04-06 20:50:13', 'tips@androidcentral.com (Nickolas Diaz)', 'https://cdn.mos.cms.futurecdn.net/K837Fp4nFcY9WeHZ37huwd-1200-80.jpg', '<ul><li>A new leak suggests Google if working on a \"Find My Device\" feature similar to Apple\'s version for iPhones.</li><li>Pixel devices are rumored to see \"Pixel Power-off Finder\" as the feature\'s … [+2472 chars]', 'https://www.androidcentral.com/phones/google-find-my-device-phone-off-rumor'),
(2186, 'Samsung\'s Galaxy Z Flip 5, Fold 5 could finally gain dust resistance', 'For the first time, Samsung\'s Galaxy Z Fold 5 and Galaxy Z Flip 5 might bring less crease with a water drop-shaped hinge.', 31, '2023-03-14 18:44:37', 'tips@androidcentral.com (Vishnu Sarangapurkar)', 'https://cdn.mos.cms.futurecdn.net/RqQmhRVc5MkDs9PLKKtm4B-1200-80.jpg', '<ul><li>New information reveals what to expect from the next-gen foldables from Samsung.</li><li>Samsung is allegedly trying to bring an IP67 rating to the Galaxy Z Fold 5 and Z Flip 5.</li><li>These… [+2251 chars]', 'https://www.androidcentral.com/phones/galaxy-z-fold-5-flip-5-dust-resistance'),
(2187, 'Samsung Galaxy S23+ review: Striking the right balance', 'The Galaxy S23+ doesn\'t really differ that much to its predecessor, but Samsung made a few under-the-hood changes that make it a lot more enticing.', 31, '2023-04-01 06:24:08', 'harish.jonnalagadda@futurenet.com (Harish Jonnalagadda)', 'https://cdn.mos.cms.futurecdn.net/jsex2xardkmW2SK6E4wKmT-1200-80.jpg', 'These days, it feels like Samsung can do no wrong. The Korean brand is in a dominant position in the foldable category, and the Galaxy S portfolio features some of the best Android phones you can get… [+17121 chars]', 'https://www.androidcentral.com/phones/samsung-galaxy-s23-plus-review'),
(2188, 'Finally, There’s an Easy Way to Reduce Background Noise on Your iPhone', 'Phone calls sound like crap. They sound better than they used to, but if you need to rely on a special alphabet system for separating B’s from D’s, it’s not looking great. A new iPhone feature aims to tackle this problem by boosting your voice and reducing ba…', 32, '2023-03-27 15:30:00', 'Jake Peterson', 'https://i.kinja-img.com/gawker-media/image/upload/c_fill,f_auto,fl_progressive,g_center,h_675,pg_1,q', 'Phone calls sound like crap. They sound better than they used to, but if you need to rely on a special alphabet system for separating Bs from Ds, its not looking great. A new iPhone feature aims to t… [+1612 chars]', 'https://lifehacker.com/finally-there-s-an-easy-way-to-reduce-background-noise-1850262365'),
(2189, 'Now Scammers Can Use AI to Fake Anyone’s Voice', 'When a powerful new technology like AI is dropped into society with no regulation, there will be folks who use the tool for their own benefit: And unsurprisingly, AI is making scammers’ jobs much easier and more believable. We wrote about the “virtual kidnapp…', 32, '2023-04-03 18:30:00', 'Daniel Oropeza', 'https://i.kinja-img.com/gawker-media/image/upload/c_fill,f_auto,fl_progressive,g_center,h_675,pg_1,q', 'When a powerful new technology like AI is dropped into society with no regulation, there will be folks who use the tool for their own benefit: And unsurprisingly, AI is making scammers jobs much easi… [+3932 chars]', 'https://lifehacker.com/now-scammers-can-use-ai-to-fake-anyone-s-voice-1850289863'),
(2190, 'Hitting the Books: Tech can\'t fix what\'s broken in American policing', 'It\'s never been about safety as much as it has control, serving and protecting only to the benefit of the status quo. Clearview AI, PredPol, Shotspotter, they\'re all Carolyn Bryant Donham\'s testimony behind a veneer of technological validity — a shiny black b…', 32, '2023-04-09 16:30:09', 'Andrew Tarantola', 'https://s.yimg.com/uu/api/res/1.2/Pk06geMY965kbY.CnEjasQ--~B/Zmk9ZmlsbDtoPTYzMDtweW9mZj0wO3c9MTIwMDt', 'It\'s never been about safety as much as it has control, serving and protecting only to the benefit of the status quo. Clearview AI, PredPol, Shotspotter, they\'re all Carolyn Bryant Donham\'s testimony… [+13483 chars]', 'https://www.engadget.com/hitting-the-books-more-than-a-glitch-meredith-broussard-mit-press-143009017'),
(2191, 'ChatGPT briefly went offline after a bug revealed user chat histories', 'ChatGPT went offline and temporarily became inaccessible on Monday after some users discovered that they could see the titles of other people\'s chat histories. People posted screenshots of their ChatGPT UI on social networks like Reddit and Twitter, showing s…', 32, '2023-03-21 12:56:32', 'Mariella Moon', 'https://s.yimg.com/uu/api/res/1.2/RwHF1aQwKv.57K.Ny.mHEw--~B/Zmk9ZmlsbDtoPTYzMDtweW9mZj0wO3c9MTIwMDt', 'ChatGPT went offline and temporarily became inaccessible on Monday after some users discovered that they could see the titles of other people\'s chat histories. People posted screenshots of their Chat… [+1070 chars]', 'https://www.engadget.com/chatgpt-briefly-went-offline-after-a-bug-revealed-user-chat-histories-11563'),
(2192, 'Apple\'s Weather app is broken for many users', 'You might not want to rely on Apple\'s built-in Weather app to see if you need a jacket today. As Apple\'s status page confirms, many users are reporting that the app isn\'t loading information on all of the company\'s platforms, including iOS and macOS. We\'ve as…', 32, '2023-04-04 15:54:09', 'Jon Fingas', 'https://s.yimg.com/uu/api/res/1.2/PiECvRp_B8vyegQS0DfjjA--~B/Zmk9ZmlsbDtoPTYzMDtweW9mZj0wO3c9MTIwMDt', 'You might not want to rely on Apple\'s built-in Weather app to see if you need a jacket today. As Apple\'s status page confirms, many users are reporting that the app isn\'t loading information on all o… [+1184 chars]', 'https://www.engadget.com/apples-weather-app-is-broken-for-many-users-135409192.html'),
(2193, 'Microsoft Teams adds Snapchat AR Lenses to video chats', 'Microsoft\r\n and Snap\r\n have teamed up to bring Snapchat Lenses to Teams. The next time you hop onto a call with colleagues or friends, you\'ll be able to pick from one of 26 popular Lenses to add some visual flair to your video chats. You\'ll be able to turn yo…', 32, '2023-04-10 18:30:57', 'Kris Holt', 'https://s.yimg.com/uu/api/res/1.2/v_Q7y8Xx3wj_8oRrwLEcWw--~B/Zmk9ZmlsbDtoPTYzMDtweW9mZj0wO3c9MTIwMDt', 'Microsoft\r\n and Snap\r\n have teamed up to bring Snapchat Lenses to Teams. The next time you hop onto a call with colleagues or friends, you\'ll be able to pick from one of 26 popular Lenses to add some… [+1413 chars]', 'https://www.engadget.com/microsoft-teams-adds-snapchat-ar-lenses-to-video-chats-163057951.html'),
(2194, 'The Italian Data Protection Agency gives OpenAI a chance to avoid being banned', 'At the end of March, the Italian Data Protection Authority (the \"Garante\"), announced that OpenAI\'s fancy new ChatGPT software would imminently be blocked from use within the European nation over concerns that ChatGPT\'s training and function violate the EU\'s …', 32, '2023-04-12 20:56:38', 'Andrew Tarantola', 'https://s.yimg.com/uu/api/res/1.2/443BKBn4VI5CvyBZWPSwaw--~B/Zmk9ZmlsbDtoPTYzMDtweW9mZj0wO3c9MTIwMDt', 'At the end of March, the Italian Data Protection Authority (the \"Garante\"), announced that OpenAI\'s fancy new ChatGPT software would imminently be blocked from use within the European nation over con… [+1543 chars]', 'https://www.engadget.com/the-italian-data-protection-agency-gives-openai-a-chance-to-avoid-being-ban'),
(2195, 'Apple’s \'Tetris\' movie trades real-life drama for spy fantasies', 'No, the origins of Tetris didn\'t involve a high-speed car chase, but the true story behind the game still reads like a spy novel. There\'s corporate intrigue, nefarious government agencies and an envious amount of globe-trotting. But the reality wasn\'t enough …', 32, '2023-03-30 14:30:20', 'Devindra Hardawar', 'https://s.yimg.com/uu/api/res/1.2/m7xFIHyrn_FltfzYfmVUMw--~B/Zmk9ZmlsbDtoPTYzMDtweW9mZj0wO3c9MTIwMDt', 'The very important role of Tetris of that time was that it started to break down the barrier between people and computers, Pajitnov told me in an interview. Early on, he said people were embarrassed … [+1962 chars]', 'https://www.engadget.com/apple-tetris-movie-review-123020220.html'),
(2196, 'E3 2023 has been canceled', 'Microsoft, Nintendo, Ubisoft and other major players in the game industry have all confirmed that they would have no presence on the E3 2023 show floor. Now the event itself won\'t happen at all.According to IGN, the Entertainment Software Association has begu…', 32, '2023-03-30 23:12:01', 'Sean Buckley', 'https://s.yimg.com/uu/api/res/1.2/iSUnR0QjfUCHQcLF1ENLgg--~B/Zmk9ZmlsbDtoPTYzMDtweW9mZj0wO3c9MTIwMDt', 'Microsoft, Nintendo, Ubisoft and other major players in the game industry have all confirmed that they would have no presence on the E3 2023 show floor. Now the event itself won\'t happen at all.\r\nAcc… [+2291 chars]', 'https://www.engadget.com/e3-2023-has-been-canceled-211201976.html'),
(2197, 'A TikTok ban is a lot more complicated than just shutting down the app', 'Disentangling ourselves from TikTok is more complicated than simply banning the app, just ask the state of Maryland. According to a new report\r\n in The Wall Street Journal, it’s one of several states that used TikTok’s tracking pixel on a government website d…', 32, '2023-03-21 21:11:14', 'Karissa Bell', 'https://s.yimg.com/uu/api/res/1.2/7W1NhjmEXO3uGg3Rj50TdA--~B/Zmk9ZmlsbDtoPTYzMDtweW9mZj0wO3c9MTIwMDt', 'Disentangling ourselves from TikTok is more complicated than simply banning the app, just ask the state of Maryland. According to a new report\r\n in The Wall Street Journal, its one of several states … [+2645 chars]', 'https://www.engadget.com/a-tiktok-ban-is-a-lot-more-complicated-than-just-shutting-down-the-app-2011'),
(2198, 'Cowboy’s ‘Adaptive Power’ update breathes new life into its flagship bike', 'When Cowboy, a premium European e-bike company, invited the media to an event in Paris, France, it faced some unexpected challenges. Along with torrential rain, there also were strikes and protests against changes to the country’s pension system. And then the…', 32, '2023-03-14 14:45:03', 'Mat Smith', 'https://s.yimg.com/uu/api/res/1.2/NGLiRG3B5VgQWNwHAVtJkw--~B/Zmk9ZmlsbDtoPTYzMDtweW9mZj0wO3c9MTIwMDt', 'When Cowboy, a premium European e-bike company, invited the media to an event in Paris, France, it faced some unexpected challenges. Along with torrential rain, there also were strikes and protests a… [+5058 chars]', 'https://www.engadget.com/cowboy-4-ebike-adaptive-power-update-test-ride-134503675.html'),
(2199, 'Acer Helios 300 SpatialLabs Edition review: Glasses-free 3D is just pointless', 'There\'s a vast gulf between the dreamy notion of glasses-free 3D – extra visual depth without any clunky eye-wear! – and the reality: fuzzy imagery, buggy execution, and headaches. Oh, the headaches. So it goes with Acer\'s Predator Helios 300 SpatialLabs Edit…', 32, '2023-03-27 19:30:58', 'Devindra Hardawar', 'https://s.yimg.com/uu/api/res/1.2/kDJPS6bRCXkFrnritd7qJA--~B/Zmk9ZmlsbDtoPTYzMDtweW9mZj0wO3c9MTIwMDt', 'All products recommended by Engadget are selected by our editorial team, independent of our parent company. Some of our stories include affiliate links. If you buy something through one of these link… [+5560 chars]', 'https://www.engadget.com/acer-predator-helios-300-spatiallabs-edition-review-173058399.html'),
(2200, 'Litter Robot 4 review: A great, but imperfect, self-cleaning litter box', 'I\'m just so tired of all the poop. Now that I\'m dealing with three cats, an 11-month old\'s diapers and potty time with my four-year old, I just needed some relief from mountains of excrement. Enter the Litter Robot 4, the latest iteration of Whisker\'s automat…', 32, '2023-03-14 15:00:22', 'Devindra Hardawar', 'https://s.yimg.com/uu/api/res/1.2/m3Uq1BaZAo4HszfFb793WQ--~B/Zmk9ZmlsbDtoPTYzMDtweW9mZj0wO3c9MTIwMDt', 'All products recommended by Engadget are selected by our editorial team, independent of our parent company. Some of our stories include affiliate links. If you buy something through one of these link… [+7660 chars]', 'https://www.engadget.com/litter-robot-4-review-great-imperfect-self-cleaning-litter-box-140022763.ht'),
(2201, 'Cars That Watch Their Drivers Could Reteach the World to Drive', 'Automakers are adding cameras and algorithms that monitor and nudge drivers to improve safety and ensure people supervise automated driving aids.', 32, '2023-03-15 14:00:00', 'Aarian Marshall', 'https://media.wired.com/photos/640bd4214d078670cd162dff/191:100/w_1280,c_limit/Smart-Eye-Driver-Moni', 'In most cases, driver-monitoring systems use an infrared camera or cameras on a cars dash, steering wheel, or rearview mirror. Instead of streaming imagery to the cloud like a cellphone, they process… [+3067 chars]', 'https://www.wired.com/story/cars-that-watch-their-drivers-could-re-teach-the-world-to-drive/'),
(2202, 'Qualcomm Is Poised to Dominate EVs Before Apple Gets a Chance', 'Its digital chassis is an internet-connected platform for the whole car, and the tech giant has General Motors, Jeep, Mercedes, and many more on board.', 32, '2023-03-18 15:00:00', 'Alistair Charlton', 'https://media.wired.com/photos/6414db30b19ad4e3186e05f5/191:100/w_1280,c_limit/Qualcomm-Could-Corner', 'Perhaps crucially, Qualcomm also says its Digital Chassis allows automakers to own the in-vehicle experience [and] extend their brand and bring engaging consumer interactions into the vehicle. This w… [+3536 chars]', 'https://www.wired.com/story/electric-cars-qualcomm-apple/'),
(2203, 'Senator Warner on the Restrict Act and a US TikTok Ban', 'WIRED spoke with the coauthor of the Restrict Act, a bipartisan bill to crack down on tech from six \"hostile\" countries.', 32, '2023-03-16 17:59:24', 'Dell Cameron', 'https://media.wired.com/photos/640fbaafdf4962e1cbeec9a3/191:100/w_1280,c_limit/TikTok-Ban-Security-G', 'In the future, it might be a new mobile game or an algorithm helping students study at home. It could be the latest graphics card or exercise bike, or an app that pairs families with puppies. With fe… [+4022 chars]', 'https://www.wired.com/story/mark-warner-us-tiktok-ban-restrict-act/'),
(2204, 'The Untold Tale of Why \'Cart Life\' Disappeared—and Its Resurrection', 'The video game was a lauded indie darling. Then it vanished from Steam. Its creator finally opens up about why he pulled it, and why it’s coming back.', 32, '2023-03-20 15:00:00', 'Megan Farokhmanesh', 'https://media.wired.com/photos/6414c8b45406cbef4ea12804/191:100/w_1280,c_limit/The-Untold-Story-of-W', 'Pierre Shorette doesnt send a lot of DMs, but this was an exception. He was on the hunt. Shorettes then girlfriend had been playing her way through small narrative games; shed finished Lucas Popes Pa… [+2684 chars]', 'https://www.wired.com/story/mystery-of-cart-life-death-rebirth/'),
(2205, 'Your Next Landlord Could Be 100 Random People', 'Startups are buying properties and wooing first-time real estate investors to buy shares. The model could have real repercussions for renters.', 32, '2023-03-30 14:00:00', 'Amanda Hoover', 'https://media.wired.com/photos/6424d72765d5de59f2a35f77/191:100/w_1280,c_limit/100-People-Could-Be-Y', 'The Soapstone is similar to other investment properties advertised by Arrived, like the Sheezy in Chattanooga, Tennessee, or the Mimosa in Tuscaloosa, Alabama. The first homes to be advertised on the… [+3999 chars]', 'https://www.wired.com/story/arrived-fractional-investment-real-estate/'),
(2206, 'Pinduoduo, a Top Chinese Shopping App, Is Laced With Malware', 'Plus: 119 arrested during a sting on the Genesis dark-web market, the IRS aims to buy an online mass surveillance tool, and more.', 32, '2023-04-08 15:00:00', 'Lily Hay Newman', 'https://media.wired.com/photos/6430a0838a78f7a5a20477cb/191:100/w_1280,c_limit/Security-News-This-We', 'A United States Immigration and Customs Enforcement database WIRED obtained through a Freedom of Information Act request shows that the agency has been leaning on a certain type of administrative sub… [+5546 chars]', 'https://www.wired.com/story/pinduoduo-malware-security-roundup/'),
(2207, 'Here Are the Skills You Need to Succeed in Tech in 2023', 'First, stay human.', 32, '2023-03-19 12:00:00', 'Jaime Stathis', 'https://media.wired.com/photos/6414aa6cc3ec48ee40adb9e3/191:100/w_1280,c_limit/How-To-Survive-In-Tec', 'Tech jobs took a heavy hit in 2022. According to Layoffs.fyi, 424 tech companies laid off 120,253 employees in the first two months of 2023. But it might not be as bad as it sounds. \"This kind of rea… [+3904 chars]', 'https://www.wired.com/story/skills-to-succeed-in-tech-2023/'),
(2208, '14 Best Deals: Fitness Gear, Ebikes, and Mechanical Keyboards', 'Put a discounted fitness tracker on your wrist, hop on an electric bicycle, and experience spring bliss.', 32, '2023-04-06 20:49:24', 'Matt Jancer', 'https://media.wired.com/photos/642f137ebd8583d671a7329f/191:100/w_1280,c_limit/Propella-7s-Gear.jpg', 'Longer days are here, as are warmer temperatures, and the beautiful annual unfolding of all the lush greenery and color nature concealed during the frigid months. Get out there and enjoy it. Whether … [+6666 chars]', 'https://www.wired.com/story/midweek-deals-april-6-2023/'),
(2209, 'I Saw the Face of God in a TSMC Semiconductor Factory', 'As the US boosts production of silicon chips, a WIRED journalist goes inside the mysterious Taiwanese company at the center of the global industry.', 32, '2023-03-21 11:00:00', 'Virginia Heffernan', 'https://media.wired.com/photos/6414974c413564e54490fe19/191:100/w_1280,c_limit/BF_WIRED_EXPORT_STILL', 'Savary strongly believed that international trade would be the antidote to war. Humans cant conduct polyglot commerce across borders without cultivating an understanding of foreign laws, customs, and… [+3548 chars]', 'https://www.wired.com/story/i-saw-the-face-of-god-in-a-tsmc-factory/'),
(2210, 'A Mug Shot Could Play Right Into Trump\'s Hands', 'Think the former president would be shamed by a mug shot? Think again.', 32, '2023-04-05 16:29:08', 'Sarah Esther Lageson', 'https://media.wired.com/photos/642d7dd9ae9248d69fe6d679/191:100/w_1280,c_limit/trump_GettyImages-125', 'Much discussion around the Trump indictment has focused on whether the former Presidents mug shot will be taken and released to the public. Such attention to a relatively routine part of criminal pro… [+3114 chars]', 'https://www.wired.com/story/trump-mug-shot-privacy/'),
(2211, 'Some questions for the employees behind Google Docs', 'I’m not mad, I’m just disappointed. What is going on with that toolbar? Why is it so ugly? Who did this? Is there a design war between squares and ovals or something?', 32, '2023-03-24 21:57:29', 'Elizabeth Lopatto', 'https://cdn.vox-cdn.com/thumbor/cn3R2fBC6wQM_Kd0Y9_cIFj2nYs=/0x0:3000x2000/1200x628/filters:focal(15', 'I have a lot of questions! | Illustration: Alex Castro / The Verge\r\n\n \n\n <ul>\n<li>Why is the toolbar a different color?</li>\n<li>Why is it oval when the buttons it features are square?</li>\n</ul>\n \n … [+2133 chars]', 'https://www.theverge.com/2023/3/24/23655476/google-docs-update-redesign-ugly'),
(2212, 'Rivian’s new ‘Performance’ powertrain lets R1T reservation holders keep their big battery', 'Rivian added its new Performance Dual-Motor drivetrain option for reservation holders of its R1T electric pickup trucks and R1S SUV. The new option is also the new default for those who originally paired the larger Max pack battery and Quad-Motor drivetrain —…', 32, '2023-04-07 23:43:29', 'Umar Shakir', 'https://cdn.vox-cdn.com/thumbor/sNSteL4TtHI6olHqH3IV0hU0BKs=/0x0:1813x1360/1200x628/filters:focal(90', 'Rivians new Performance powertrain lets R1T reservation holders keep their big battery\r\nRivians new Performance powertrain lets R1T reservation holders keep their big battery\r\n / Rivians new Performa… [+3463 chars]', 'https://www.theverge.com/2023/4/7/23673961/rivian-performance-dual-motor-availability-max-pack-batte'),
(2213, 'Can Mastodon seize the moment from Twitter?', 'CEO Eugen Rochko on running — and growing — a decentralized social network gaining an influx of users in the wake of Elon Musk’s Twitter meltdown.', 32, '2023-03-28 17:30:00', 'Nilay Patel', 'https://cdn.vox-cdn.com/thumbor/x0k2L4VZSH8bzEyCbddSWuuqdT8=/0x0:2040x1360/1200x628/filters:focal(10', 'Photo illustration: Will Joel / The Verge\r\n\n \n\n\n CEO Eugen Rochko on running — and growing — a decentralized social network. Eugen Rochko is the CEO of Mastodon — the open-source decentralized compet… [+62094 chars]', 'https://www.theverge.com/23658648/mastodon-ceo-twitter-interview-elon-musk-twitter'),
(2214, 'Microsoft Security Copilot is a new GPT-4 AI assistant for cybersecurity', 'Microsoft is shifting its AI copilot focus toward cybersecurity. Microsoft Security Copilot is designed to help security professionals analyze threats, reverse engineer scripts, and much more.', 32, '2023-03-28 17:30:00', 'Tom Warren', 'https://cdn.vox-cdn.com/thumbor/5X0IGMLrTUsRnyo97W-GRqDZBiA=/0x0:2040x1360/1200x628/filters:focal(10', 'Image: The Verge\r\n\n \n\n After announcing an AI-powered Copilot assistant for Office apps, Microsoft is now turning its attention to cybersecurity. Microsoft Security Copilot is a new assistant for cyb… [+5206 chars]', 'https://www.theverge.com/2023/3/28/23659711/microsoft-security-copilot-gpt-4-ai-tool-features'),
(2215, 'Remembering E3\'s Most Ridiculous (and Heartwarming) Moments', 'Pour one out for what was once the biggest video game showcase on the planet. On Thursday, The Entertainment Software Association, the organization that manages the Electronic Entertainment Expo, formally announced it was canceling both E3\'s digital and physi…', 32, '2023-03-31 21:50:00', 'Kyle Barr', 'https://i.kinja-img.com/gawker-media/image/upload/c_fill,f_auto,fl_progressive,g_center,h_675,pg_1,q', 'Pour one out for what was once the biggest video game showcase on the planet. On Thursday, The Entertainment Software Association, the organization that manages the Electronic Entertainment Expo, for… [+1291 chars]', 'https://gizmodo.com/best-e3-moments-funny-sega-nintendo-sony-microsoft-xbox-1850288856'),
(2216, 'Italy Flocks to VPNs Amidst ChatGPT Ban', 'After Italy temporarily banned ChatGPT and announced an investigation into OpenAI, residents of the country apparently grew interested in VPNs. After the Italian Data Protection Authority announced the ban and investigation, search volume surrounding the VPNs…', 32, '2023-04-05 15:55:00', 'Kevin Hurler', 'https://i.kinja-img.com/gawker-media/image/upload/c_fill,f_auto,fl_progressive,g_center,h_675,pg_1,q', 'After Italy temporarily banned ChatGPT and announced an investigation into OpenAI, residents of the country apparently grew interested in VPNs. After the Italian Data Protection Authority announced t… [+2375 chars]', 'https://gizmodo.com/italy-vpn-chatgpt-chatbot-openai-ai-1850302301'),
(2217, 'Tesla Is Facing Two Class Action Lawsuits Over Right-to-Repair', 'Elon Musk’s car company is facing yet another set of lawsuits. This time, not about the CEO’s chaotic tweet habits, nor alleged civil rights violations at a California factory. Rather, Tesla is being sued over claims that the company has violated antitrust, r…', 32, '2023-03-15 22:25:00', 'Lauren Leffer', 'https://i.kinja-img.com/gawker-media/image/upload/c_fill,f_auto,fl_progressive,g_center,h_675,pg_1,q', 'Elon Musks car company is facing yet another set of lawsuits. This time, not about the CEOs chaotic tweet habits, nor alleged civil rights violations at a California factory. Rather, Tesla is being s… [+2955 chars]', 'https://gizmodo.com/tesla-evs-right-to-repair-elon-musk-driverless-1850229697'),
(2218, 'ChatGPT and Dall-E Should Watermark Their Results', 'Shortly after rumors leaked of former President Donald Trump’s impending indictment, images purporting to show his arrest appeared online. These images looked like news photos, but they were fake. They were created by a generative artificial intelligence syst…', 32, '2023-04-02 13:00:00', 'Hany Farid', 'https://i.kinja-img.com/gawker-media/image/upload/c_fill,f_auto,fl_progressive,g_center,h_675,pg_1,q', 'Shortly after rumors leaked of former President Donald Trumps impending indictment, images purporting to show his arrest appeared online. These images looked like news photos, but they were fake. The… [+7951 chars]', 'https://gizmodo.com/chatgpt-dall-e-free-ai-art-should-watermark-results-1850289435'),
(2219, 'Meta Releases New AI-Based Photo Segmentation Tool to Everybody', 'Meta has some big AI ambitions, even as it seems like it’s long been playing catch up to OpenAI, Microsoft, and even Google. To make a bit of a splash, on Wednesday the company showed off its new AI-based Segment Anything Model that’s surprisingly capable of …', 32, '2023-04-05 21:25:00', 'Kyle Barr', 'https://i.kinja-img.com/gawker-media/image/upload/c_fill,f_auto,fl_progressive,g_center,h_675,pg_1,q', 'Meta has some big AI ambitions, even as it seems like its long been playing catch up to OpenAI, Microsoft, and even Google. To make a bit of a splash, on Wednesday the company showed off its new AI-b… [+4184 chars]', 'https://gizmodo.com/meta-ai-sam-photo-segmentation-facebook-photoshop-1850304361'),
(2220, 'Why You Should Update Your PC ASAP', 'I’m of the position that security updates are important to install as soon as possible. When you see one hit your update pane on your smartphone or computer, it’s important to install and patch whatever security issues developers recently discovered. If you h…', 33, '2023-04-12 20:00:00', 'Jake Peterson', 'https://i.kinja-img.com/gawker-media/image/upload/c_fill,f_auto,fl_progressive,g_center,h_675,pg_1,q', 'Im of the position that security updates are important to install as soon as possible. When you see one hit your update pane on your smartphone or computer, its important to install and patch whateve… [+2281 chars]', 'https://lifehacker.com/why-you-should-update-your-pc-asap-1850327315'),
(2221, 'New Zealand is the latest country to ban TikTok from government devices', 'New Zealand has joined the growing list of countries and jurisdictions that have banned TikTok\r\n from certain government devices. Unlike elsewhere, the restriction doesn\'t apply to all government employees. It\'s limited to devices that have access to New Zeal…', 33, '2023-03-17 15:35:39', 'Kris Holt', 'https://s.yimg.com/uu/api/res/1.2/BH0YiC3yJC7tdQGRZnpQzg--~B/Zmk9ZmlsbDtoPTYzMDtweW9mZj0wO3c9MTIwMDt', 'New Zealand has joined the growing list of countries and jurisdictions that have banned TikTok\r\n from certain government devices. Unlike elsewhere, the restriction doesn\'t apply to all government emp… [+3081 chars]', 'https://www.engadget.com/new-zealand-is-the-latest-country-to-ban-tiktok-from-government-devices-143'),
(2222, 'It took a TikToker barely 30 minutes to doxx me', 'In 30 minutes or less, TikToker and Chicago-based server Kristen Sotakoun can probably find your birth date. She’s not a cybersecurity expert, despite what some of her followers suspect, but has found a hobby in what she calls “consensual doxxing.”“My first t…', 33, '2023-03-14 13:00:22', 'Katie Malone', 'https://s.yimg.com/uu/api/res/1.2/zg_dpyZZxASQWvbbsQ_LwQ--~B/Zmk9ZmlsbDtoPTYzMDtweW9mZj0wO3c9MTIwMDt', 'In 30 minutes or less, TikToker and Chicago-based server Kristen Sotakoun can probably find your birth date. Shes not a cybersecurity expert, despite what some of her followers suspect, but has found… [+5853 chars]', 'https://www.engadget.com/it-took-a-tiktoker-barely-30-minutes-to-doxx-me-120022880.html'),
(2223, 'North Korea Is Now Mining Crypto to Launder Its Stolen Loot', 'A spy group working for the Kim regime has been feeding stolen coins into crypto mining services in an effort to throw tracers off their trail.', 33, '2023-03-28 17:00:00', 'Andy Greenberg', 'https://media.wired.com/photos/64223c901d8bed66b5b38e35/191:100/w_1280,c_limit/North-Korea-Found-a-C', 'In the cryptocurrency ecosystem, coins have a story, tracked in the unchangeable blockchains underpinning their economy. The only exception, in some sense, is cryptocurrency that\'s been freshly gener… [+3289 chars]', 'https://www.wired.com/story/north-korea-apt43-crypto-mining-laundering/'),
(2224, 'If the US Bans TikTok, WeChat Might Be Next', 'WeChat has 19 million users in the US and is a lifeline for people across the Chinese diaspora.', 33, '2023-03-23 12:00:00', 'Amanda Florian', 'https://media.wired.com/photos/641b9b7111b9b75446f8f268/191:100/w_1280,c_limit/If-US-Bans-Tiktok-WeC', 'The platform also appears to be vulnerable to censorship and algorithmic manipulation. This month, a company executive openly said they had overridden the apps algorithm to push content on TikTok, an… [+3809 chars]', 'https://www.wired.com/story/if-the-us-bans-tiktok-wechat-might-be-next/'),
(2225, 'The Dangerous Weak Link in the US Food Chain', 'Without an information sharing and analysis center, the country’s food and agriculture sector is uniquely vulnerable to hackers.', 33, '2023-04-06 14:00:00', 'Eric Geller', 'https://media.wired.com/photos/642dd043e1407e11061c9e1f/191:100/w_1280,c_limit/Your-Food-Is-at-Risk-', 'Just-in-time logistics mean that even short-term cyberattacks can have serious consequences. Hacks that disrupt fertilizer or pesticide production can force farmers to sit out planting seasons. Breac… [+3255 chars]', 'https://www.wired.com/story/us-food-agriculture-isac-cybersecurity/'),
(2226, 'The Hacking of ChatGPT Is Just Getting Started', 'Security researchers are jailbreaking large language models to get around safety rules. Things could get much worse.', 33, '2023-04-13 18:07:46', 'Matt Burgess', 'https://media.wired.com/photos/64382842974961ad154a7977/191:100/w_1280,c_limit/security_jailbreaking', 'As a result, jailbreak authors have become more creative. The most prominent jailbreak was DAN, where ChatGPT was told to pretend it was a rogue AI model called Do Anything Now. This could, as the na… [+3519 chars]', 'https://www.wired.com/story/chatgpt-jailbreak-generative-ai-hacking/'),
(2227, '‘Such is Life:’ FTX Says SBF and Execs Joked About Misplacing Millions of Dollars', 'Former crypto golden boy Sam Bankman-Fried’s calamitous time at his former exchange FTX was even more haphazard and ludicrous than previously stated. FTX’s latest bankruptcy report filed Sunday adds additional fuel to the still-smoldering questions regarding …', 33, '2023-04-10 15:25:00', 'Kyle Barr', 'https://i.kinja-img.com/gawker-media/image/upload/c_fill,f_auto,fl_progressive,g_center,h_675,pg_1,q', 'Former crypto golden boy Sam Bankman-Frieds calamitous time at his former exchange FTX was even more haphazard and ludicrous than previously stated. FTXs latest bankruptcy report filed Sunday adds ad… [+3695 chars]', 'https://gizmodo.com/ftx-debtors-report-sbf-sam-bankman-fried-crypto-1850318401'),
(2228, 'Russian hackers targeted European military and transport organizations in newly discovered spying ca', 'Russian military-linked hackers used a critical flaw in Microsoft\'s email software to target -- and in some cases infiltrate -- the networks of European military, energy and transportation organizations in an apparent spying campaign that went undetected for …', 33, '2023-03-15 14:39:54', 'Sean Lyngaas', 'https://media.cnn.com/api/v1/images/stellar/prod/230315090848-russian-hackers-target-european-milita', 'Russian military-linked hackers used a critical flaw in Microsofts email software to target and in some cases infiltrate the networks of European military, energy and transportation organizations in … [+2434 chars]', 'https://www.cnn.com/2023/03/15/politics/russian-hackers-europe-military-organizations-microsoft/inde'),
(2229, 'Everyone in Washington is talking about a TikTok ban. But is it really a national security threat?', 'After TikTok CEO Shou Chew testified for more than five hours on Thursday before a Congressional committee, one thing was clear: US lawmakers remain convinced that TikTok is an urgent threat to national security.', 33, '2023-03-24 12:49:28', 'Brian Fung', 'https://media.cnn.com/api/v1/images/stellar/prod/230321100108-24-tiktok-stock.jpg?c=16x9&q=w_800,c_f', 'After TikTok CEO Shou Chew testified for more than five hours on Thursday before a Congressional committee, one thing was clear: US lawmakers remain convinced that TikTok is an urgent threat to natio… [+14278 chars]', 'https://www.cnn.com/2023/03/24/tech/tiktok-ban-national-security-hearing/index.html'),
(2230, '15 European startups selected to join the Google for Startups Growth Academy: Cybersecurity', 'Today’s selection of cybersecurity founders for the Google for Startups Growth Academy can help drive both cybersecurity and economic growth.', 33, '2023-03-22 08:00:00', 'Royal HansenVice President of Engineering for Privacy, Safety, and Security', 'https://storage.googleapis.com/gweb-uniblog-publish-prod/images/Europe_Cybersecurity_Startups_he.wid', 'Involving startups in Europes forward defense isnt only good strategy; increasingly, its a matter of urgency.\r\nAs many as 92% of the regions small and medium-sized enterprises (SMEs) recognize that c… [+832 chars]', 'https://blog.google/outreach-initiatives/entrepreneurs/15-european-startups-selected-to-join-the-goo'),
(2231, 'China to conduct cybersecurity review on chipmaker Micron\'s products - Reuters.com', 'China to conduct cybersecurity review on chipmaker Micron\'s products  Reuters.com', 33, '2023-03-31 15:10:00', '', '', 'We use cookies and data to<ul><li>Deliver and maintain Google services</li><li>Track outages and protect against spam, fraud, and abuse</li><li>Measure audience engagement and site statistics to unde… [+1131 chars]', 'https://consent.google.com/ml?continue=https://news.google.com/rss/articles/CBMibGh0dHBzOi8vd3d3LnJl'),
(2232, 'US weighs action against Russian cybersecurity firm Kaspersky Lab ... - Reuters', 'US weighs action against Russian cybersecurity firm Kaspersky Lab ...  Reuters', 33, '2023-04-07 18:09:00', '', '', 'We use cookies and data to<ul><li>Deliver and maintain Google services</li><li>Track outages and protect against spam, fraud, and abuse</li><li>Measure audience engagement and site statistics to unde… [+1131 chars]', 'https://consent.google.com/ml?continue=https://news.google.com/rss/articles/CBMicmh0dHBzOi8vd3d3LnJl');
INSERT INTO `post` (`post_id`, `title`, `description`, `category`, `post_date`, `author`, `post_img`, `content`, `post_url`) VALUES
(2233, 'Leonardo, Siemens sign deal to create cybersecurity platform - Reuters', 'Leonardo, Siemens sign deal to create cybersecurity platform  Reuters', 33, '2023-04-06 10:21:00', '', '', 'We use cookies and data to<ul><li>Deliver and maintain Google services</li><li>Track outages and protect against spam, fraud, and abuse</li><li>Measure audience engagement and site statistics to unde… [+1131 chars]', 'https://consent.google.com/ml?continue=https://news.google.com/rss/articles/CBMiZ2h0dHBzOi8vd3d3LnJl'),
(2234, 'It\'s impossible to review security cameras in the age of breaches and ransomware', 'I\'ve been waiting to review a Blink camera until there hasn\'t been a recent security cam breach...but they just keep happening, one company after another.', 33, '2023-03-19 14:30:46', 'michael.hicks@futurenet.com (Michael L Hicks)', 'https://cdn.mos.cms.futurecdn.net/D5M8DmdnvZwyUZRyVw8C6o-1200-80.jpg', 'I\'ve been waiting for the right time to review some old indoor security cameras for the past several months. It\'s not about the brand (Blink) or the cameras (which work quite well thus far!). It\'s th… [+6177 chars]', 'https://www.androidcentral.com/accessories/smart-home/its-impossible-to-review-security-cameras-in-t'),
(2235, 'Russian hackers ‘target security cameras inside Ukraine coffee shops’', 'US cybersecurity official alleges CCTV monitored for intelligence on movement of aid convoysRussians hackers have logged into private security cameras in Ukraine coffee shops to collect intelligence on aid convoys passing by, a top US security official said o…', 33, '2023-04-11 22:38:49', 'AFP in Washington', 'https://i.guim.co.uk/img/media/3725d72f63b0726c03a30618fe5eac61928a5f9e/0_145_4300_2580/master/4300.', 'Russians hackers have logged into private security cameras in Ukraine coffee shops to collect intelligence on aid convoys passing by, a top US security official said on Tuesday.\r\nRob Joyce, director … [+1180 chars]', 'https://www.theguardian.com/world/2023/apr/11/russian-hackers-target-security-cameras-inside-ukraine'),
(2236, 'AI chatbots making it harder to spot phishing emails, say experts', 'Poor spelling and grammar that can help identify fraudulent attacks being rectified by artificial intelligenceChatbots are taking away a key line of defence against fraudulent phishing emails by removing glaring grammatical and spelling errors, according to e…', 33, '2023-03-29 18:00:38', 'Alex Hern and Dan Milmo', 'https://i.guim.co.uk/img/media/e609345cc8b8cd780f7501850dc900551b25bf1d/0_173_5184_3110/master/5184.', 'Chatbots are taking away a key line of defence against fraudulent phishing emails by removing glaring grammatical and spelling errors, according to experts.\r\nPhishing emails are a well-known weapon o… [+4424 chars]', 'https://www.theguardian.com/technology/2023/mar/29/ai-chatbots-making-it-harder-to-spot-phishing-ema'),
(2237, 'Why is TikTok banned from government phones – and should rest of us be worried?', 'UK has removed app over concerns data can be monitored by Chinese state, but public remain vulnerableTikTok is wildly popular, with more than 1 billion people consuming its short video posts around the world. But the app is less favoured by politicians in key…', 33, '2023-03-17 18:05:40', 'Dan Milmo and Alex Hern', 'https://i.guim.co.uk/img/media/27b01164414db11337495fa85fb727110b19c81c/0_34_3000_1800/master/3000.j', 'TikTok is wildly popular, with more than 1 billion people consuming its short video posts around the world. But the app is less favoured by politicians in key markets such as the US and UK, where it … [+6801 chars]', 'https://www.theguardian.com/technology/2023/mar/17/why-is-tiktok-banned-from-government-phones-and-s'),
(2238, 'UK to invest £900m in supercomputer in bid to build own ‘BritGPT’', 'Treasury announces plans for exascale computer so as not to risk losing out to China The government is to invest £900m in a cutting-edge supercomputer as part of an artificial intelligence strategy that includes ensuring the country can build its own “BritGPT…', 33, '2023-03-15 19:00:11', 'Dan Milmo and Alex Hern', 'https://i.guim.co.uk/img/media/16f83db77446cfdee954254427a8fceec9e2fd3d/0_201_4332_2601/master/4332.', 'The government is to invest £900m in a cutting-edge supercomputer as part of an artificial intelligence strategy that includes ensuring the country can build its own BritGPT.\r\nThe treasury outlined p… [+2803 chars]', 'https://www.theguardian.com/technology/2023/mar/15/uk-to-invest-900m-in-supercomputer-in-bid-to-buil'),
(2239, 'How the world is turning against social media', 'France has banned not only TikTok from government phones, but Facebook and Netflix, too. Could this be a tipping point for big tech? Plus, AI-generated pictures of the pope signal a new type of viral image<ul><li>Don’t get TechScape delivered to your inbox? S…', 33, '2023-03-28 12:53:33', 'Alex Hern', 'https://i.guim.co.uk/img/media/3d2dcdb097e3f5d93dd6f716650cf1fe57303027/0_59_975_585/master/975.jpg?', 'Government workers in the UK, US, Canada and European Union (the list will have grown by the time you read this) are banned from installing TikTok on their phones.\r\nOn Friday, France joined that list… [+9317 chars]', 'https://www.theguardian.com/technology/2023/mar/28/techscape-france-tiktok-ban-facebook'),
(2240, 'Cybercrime: be careful what you tell your chatbot helper…', 'Alluring and useful they may be, but the AI interfaces’ potential as gateways for fraud and intrusive data gathering is huge – and is only set to growConcerns about the growing abilities of chatbots trained on large language models, such as OpenAI’s GPT-4, Go…', 33, '2023-04-09 13:00:49', 'Kate O\'Flaherty', 'https://i.guim.co.uk/img/media/b9e8fd471085c2c00c968075e1aa9d1254f60de1/0_0_2480_1488/master/2480.jp', 'Concerns about the growing abilities of chatbots trained on large language models, such as OpenAIs GPT-4, Googles Bard and Microsofts Bing Chat, are making headlines. Experts warn of their ability to… [+8033 chars]', 'https://www.theguardian.com/technology/2023/apr/09/cybercrime-chatbot-privacy-security-helper-chatgp'),
(2241, 'Belfast’s peace walls: potent symbols of division are dwindling – but slowly', 'Dismantling of the barriers between Catholic and Protestant areas reflects undeniable progress in the 25 years since the Good Friday agreement, but the city remains deeply dividedRosaleen Petticrew once had compelling reason to appreciate the high walls that …', 33, '2023-04-07 15:00:04', 'Rory Carroll Ireland correspondent', 'https://i.guim.co.uk/img/media/4272162f9bca5f316a5f65977b3b228da50d85a3/0_150_4500_2700/master/4500.', 'Rosaleen Petticrew once had compelling reason to appreciate the high walls that separated her Catholic part of Belfast from the adjoining Protestant neighbourhood.\r\nFor five dreadful months in 2000, … [+8708 chars]', 'https://www.theguardian.com/world/2023/apr/07/belfasts-peace-walls-potent-symbols-of-division-are-dw'),
(2242, 'Tesla workers shared ‘intimate’ car camera images, ex-employees allege: ‘Massive invasion of privacy', 'Cameras affixed on cars sent videos of customers and their property to the EV maker’s offices and spread ‘like wildfire’Tesla assures its millions of electric car owners that their privacy “is and will always be enormously important to us”. The cameras it bui…', 33, '2023-04-07 21:11:09', 'Reuters', 'https://i.guim.co.uk/img/media/a52bf82b3cdb7ab481381f304d72d092a3ece750/0_184_5080_3050/master/5080.', 'Tesla assures its millions of electric car owners that their privacy is and will always be enormously important to us. The cameras it builds into vehicles to assist driving, it notes on its website, … [+16057 chars]', 'https://www.theguardian.com/technology/2023/apr/07/tesla-intimate-car-camera-images-shared'),
(2243, 'Google Warns Samsung and Pixel Phone Owners About 18 Dire Exploits - CNET', 'If you have these devices with Samsung Exynos chipsets, stay off WiFi and Voice over LTE (VoLTE) calls.', 33, '2023-03-17 01:05:00', 'David Lumb', 'https://www.cnet.com/a/img/resize/01c04a1364e34074f6c94c9844aa1f0453eac1da/hub/2020/01/10/565c0b14-7', 'Google is warning owners of some Samsung, Vivo and Pixel phones that a series of exploits enable bad actors to compromise devices simply by knowing phone numbers -- and the device owners wouldn\'t not… [+2332 chars]', 'https://www.cnet.com/tech/mobile/google-warns-samsung-and-pixel-phone-owners-about-18-dire-exploits/'),
(2244, 'Twitter says parts of its source code were leaked online', 'Some parts of Twitter\'s source code — the fundamental computer code on which the social network runs — were leaked online, the social media company said in a legal filing.', 33, '2023-03-27 03:50:00', 'The Associated Press', 'https://media.npr.org/assets/img/2023/03/26/ap23085822525508_wide-a7c60591ea606ef984c7069019d80961d6', 'The Twitter splash page is seen on a digital device in 2022 in San Diego. Some parts of Twitter\'s source code, the fundamental computer code on which the social network operates, were leaked online, … [+1427 chars]', 'https://www.npr.org/2023/03/26/1166169131/twitter-source-code-leaked-github'),
(2245, 'New Zealand To Ban TikTok On Devices Linked To Parliament', 'New Zealand will ban TikTok on devices with access to the parliamentary network because of cybersecurity concerns, a government official said on Friday. CNBC reports: TikTok will be banned on all devices with access to New Zealand\'s parliamentary network by t…', 33, '2023-03-18 00:00:00', 'BeauHD', 'https://a.fsdn.com/sd/topics/social_64.png', 'TikTok will be banned on all devices with access to New Zealand\'s parliamentary network by the end of March, said Parliamentary Service Chief Executive Rafael Gonzalez-Montero. Gonzalez-Montero, in a… [+390 chars]', 'https://tech.slashdot.org/story/23/03/17/2041226/new-zealand-to-ban-tiktok-on-devices-linked-to-parl'),
(2246, 'UK Bans TikTok from Government Mobile Phones', 'Britain is to ban the Chinese-owned video-sharing app TikTok from ministers\' and civil servants\' mobile phones, bringing the UK in line with the US and the European Commission and reflecting deteriorating relations with Beijing. From a report: The decision ma…', 33, '2023-03-16 17:00:00', 'msmash', 'https://a.fsdn.com/sd/topics/business_64.png', 'The decision marks a sharp U-turn from the UK\'s previous position and came a few hours after TikTok said its owner, ByteDance, had been told by Washington to sell the app or face a possible ban in th… [+751 chars]', 'https://mobile.slashdot.org/story/23/03/16/1428252/uk-bans-tiktok-from-government-mobile-phones'),
(2247, 'Panera Bread Begins Scanning Its Customers\' Palms', 'Slashdot reader quonset writes:\n\nIn an effort to more personalize a customer\'s experience, the U.S. restaurant chain Panera Bread is rolling out palm-scanning technology which will link the palm print with the customer\'s loyalty program. According to Panera B…', 33, '2023-03-26 06:34:00', 'EditorDavid', 'https://a.fsdn.com/sd/topics/ai_64.png', 'In an effort to more personalize a customer\'s experience, the U.S. restaurant chain Panera Bread is rolling out palm-scanning technology which will link the palm print with the customer\'s loyalty pro… [+903 chars]', 'https://yro.slashdot.org/story/23/03/26/0054247/panera-bread-begins-scanning-its-customers-palms'),
(2248, '\'Vulkan Files\' Leak Reveals Putin\'s Global and Domestic Cyberwarfare Tactics', '\"The Gaurdian reports on a document leak from Russian cyber \'security\' company Vulkan,\" writes Slashdot reader Falconhell. From the report: Inside the six-storey building, a new generation is helping Russian military operations. Its weapons are more advanced …', 33, '2023-03-31 04:02:00', 'BeauHD', 'https://a.fsdn.com/sd/topics/security_64.png', 'Inside the six-storey building, a new generation is helping Russian military operations. Its weapons are more advanced than those of Peter the Great\'s era: not pikes and halberds, but hacking and dis… [+1687 chars]', 'https://it.slashdot.org/story/23/03/30/2223241/vulkan-files-leak-reveals-putins-global-and-domestic-'),
(2249, 'China Hits Micron With Review of Chips, Citing Security Risks', 'China has opened a cybersecurity review of imports from America\'s largest memory chipmaker, Micron Technology, opening a new front in the escalating battle between the two countries over dominance in the semiconductor market. From a report: The Chinese govern…', 33, '2023-03-31 17:25:00', 'msmash', 'https://a.fsdn.com/sd/topics/china_64.png', 'The Fine Print: The following comments are owned by whoever posted them. We are not responsible for them in any way.', 'https://slashdot.org/story/23/03/31/1525253/china-hits-micron-with-review-of-chips-citing-security-r'),
(2250, 'Inside the Bitter Campus Privacy Battle Over Smart Building Sensors', 'An anonymous reader quotes a report from MIT Technology Review: When computer science students and faculty at Carnegie Mellon University\'s Institute for Software Research returned to campus in the summer of 2020, there was a lot to adjust to. Beyond the inevi…', 33, '2023-04-05 05:30:00', 'BeauHD', 'https://a.fsdn.com/sd/topics/privacy_64.png', 'When computer science students and faculty at Carnegie Mellon University\'s Institute for Software Research returned to campus in the summer of 2020, there was a lot to adjust to. Beyond the inevitabl… [+4360 chars]', 'https://yro.slashdot.org/story/23/04/04/2238249/inside-the-bitter-campus-privacy-battle-over-smart-b'),
(2251, 'UK spy agency says AI chatbots like ChatGPT pose a security threat', 'GCHQ\'s cybersecurity unit warned that sensitive queries entered into chatbots like ChatGPT could be hacked or leaked.', 33, '2023-03-15 08:53:41', 'sbhaimiya@insider.com (Sawdah Bhaimiya,Beatrice Nolan)', 'https://i.insider.com/63b9a857d1c5130019f981d5?width=1200&format=jpeg', 'A British spy agency has warned that artificially intelligent chatbots like ChatGPT pose a security threat because sensitive queries could be hacked or leaked.\r\nThe National Cyber Security Centre, a … [+1827 chars]', 'https://www.businessinsider.com/uk-spy-agency-gchq-ai-chatbots-security-threat-chatgpt-hacking-2023-'),
(2252, 'TikTok\'s CEO says demands from the Biden administration for its Chinese owners to sell up won\'t solv', 'TikTok\'s \"Project Texas\" and \"Project Clover\" aimed to convince legislators that it wouldn\'t hand over users\' data to the Chinese government.', 33, '2023-03-17 14:34:26', 'psyme@insider.com (Pete Syme)', 'https://i.insider.com/64144b8e5f4f5400191a0b57?width=1200&format=jpeg', 'The Biden administration\'s demand that TikTok\'s Chinese owners sell their shares won\'t solve the government\'s security concerns, the app\'s CEO, Shou Zi Chew, told The Wall Street Journal.\r\nChew said … [+1956 chars]', 'https://www.businessinsider.com/tiktok-ceo-biden-sale-demand-wont-solve-security-worries-wsj-2023-3'),
(2253, 'Elon Musk appears to offer $1 million bounty to \'convict\' those responsible for Twitter \'botnets\'', 'A Twitter user identified negative feedback loops affecting \"reputation scores,\" and another claimed this was how \"botnets\" suppress certain accounts.', 33, '2023-04-02 14:21:29', 'Ryan Hogg', 'https://i.insider.com/6361bf3bade71a00193dec43?width=1200&format=jpeg', 'Elon Musk is CEO of Twitter.Carina Johansen/Getty Images\r\n<ul>\n<li>Elon Musk appeared to offer a $1 million bounty to help find the source of \"botnets\" on Twitter.</li>\n<li>A user identified a negati… [+2585 chars]', 'https://www.businessinsider.com/elon-musk-offers-million-bounty-convict-twitter-botnets-2023-4'),
(2254, 'A Russian war fanatic was planning to buy military drones, hackers said. They made him buy $25,000 w', 'The Cyber Resistance group said it hacked Mikhail Luchin\'s AliExpress account and bought $25,000 worth of sex toys with it.', 33, '2023-04-06 14:18:57', 'Sinéad Baker', 'https://i.insider.com/642eb8842a659a0019a6a449?width=1200&format=jpeg', 'A composite image showing a Russian drone above Kyiv, Ukraine, in October 2022 and a dildo.REUTERS/Roman Petushkov; iStock/Getty Images; Insider\r\n<ul>\n<li>Hackers said they bought sex toys with money… [+2167 chars]', 'https://www.businessinsider.com/ukraine-hackers-used-russia-drone-money-for-sex-toys-2023-4'),
(2255, 'How the US Army\'s Best Ranger competition uses days of grueling challenges to find the military\'s be', 'The annual competition uses days of grueling challenges to find the US military\'s best two-man team.', 33, '2023-03-31 01:02:41', 'Stavros Atlamazoglou', 'https://i.insider.com/64260a63b643e80019df9ad7?width=1200&format=jpeg', 'A US Army Ranger completes a rope crawl during the Best Ranger Competition at Fort Benning in Georgia in April 2022.US Army/Spc. Ethan Scofield\r\n<ul>\n<li>US troops will gather in Georgia in April for… [+5958 chars]', 'https://www.businessinsider.com/best-ranger-competition-determines-us-militarys-best-2-man-team-2023'),
(2256, 'The loser of a rare submarine vs. submarine battle was found 80 years after being sunk', 'Duels between submarines were rare during World War II because of the difficulty of finding and attacking another sub.', 33, '2023-03-22 12:07:00', 'insider@insider.com (Stavros Atlamazoglou)', 'https://i.insider.com/6419a2df50c7b20018f16581?width=1200&format=jpeg', 'Submarines are a relatively new military weapon. Initially designed to hunt enemy surface ships, subs have evolved into multi-role platforms capable of eavesdropping on communications, deploying comm… [+3778 chars]', 'https://www.businessinsider.com/italian-navy-submarine-found-after-sunk-by-hms-torbay-wwii-2023-3'),
(2257, 'Twitter and Apple are cracking down on return-to-office mandates. Other tech companies will likely s', 'In today\'s edition: How to get paid by Snapchat, car dealers are fighting against extinction, and more headlines.', 33, '2023-03-27 12:30:00', 'dsiu@insider.com (Diamond Naga Siu)', 'https://i.insider.com/641e373cc60a3d00184ef47b?width=1200&format=jpeg', 'G\'day, mates. I\'m Diamond Naga Siu, and I\'m taking three weeks away from work to see my family in Australia. I (sadly) won\'t be writing the newsletter while I\'m away. But! My wonderful teammates Paay… [+4649 chars]', 'https://www.businessinsider.com/amazon-apple-office-twitter-instagram-snap-hr-chatgpt-2023-3'),
(2258, 'Jack Smith is investigating the Trump White House meeting with Sidney Powell where a plan to seize v', 'Officials told Special Counsel Jack Smith that they informed Trump and his allies that the scheme would not be legal, per sources who spoke to CNN.', 33, '2023-04-05 22:59:49', 'Charles R. Davis', 'https://i.insider.com/642ddb8bde7d9200193a32b7?width=1200&format=jpeg', 'Prosecutor Jack Smith listens as Hashim Thaci, not pictured, makes his first courtroom appearance before a judge at the Kosovo Specialist Chambers court in The Hague, Netherlands, Nov. 9, 2020.Jerry … [+4365 chars]', 'https://www.businessinsider.com/jack-smith-investigating-trump-meeting-about-voting-machines-report-'),
(2259, 'I worked on Mark Zuckerberg\'s security team for two years. It was extremely high-pressure and I knew', 'Brooks Scott says he was outside a conference room in Barcelona with Mark Zuckerberg when he realized he needed to make a drastic change in his life.', 33, '2023-04-11 17:02:11', 'Jenna Gyimesi', 'https://i.insider.com/63b70eb5bd71df0019b9a213?width=1200&format=jpeg', 'Scott worked on Mark Zuckerberg\'s executive protection team for two years.Getty\r\n<ul>\n<li>Brooks Scott is a former executive protection manager at Meta (then Facebook) who used to work as a state tro… [+6237 chars]', 'https://www.businessinsider.com/meta-security-guard-mark-zuckerberg-quit-executive-coach-2023-1'),
(2260, 'How digital ecosystems can build a closer, more inclusive world', 'Hyperconnection, personalized CX, and bridging the digital divide were all on the agenda at Tata Communications\' recent WeConnect Asia conference.', 33, '2023-04-13 13:10:13', 'Sponsor Post', 'https://i.insider.com/642429d5b643e80019df4a1c?width=1200&format=jpeg', 'Tata Communications CEO Lakshmi Amur and Senior Minister of State, Ministry of Communications and Information and Ministry of National Development Tan Kiat How address the need for a secure digital e… [+8287 chars]', 'https://www.businessinsider.com/sc/hyperconnection-and-digital-transformation-creating-better-future'),
(2261, 'How to report identity theft', 'If your identity has been stolen, call the companies involved in fraud, contact a credit bureau, and report it to the FTC.', 33, '2023-03-27 18:46:56', 'insider@insider.com (Liz Knueven)', 'https://i.insider.com/642076261012e900188ef073?width=1200&format=jpeg', 'Our experts choose the best products and services to help make smart decisions with your money (here\'s how). In some cases, we receive a commission from our partners; however, our opinions are our ow… [+5981 chars]', 'https://www.businessinsider.com/personal-finance/how-to-report-identity-theft'),
(2262, 'Facebook and Twitter scrambled our brains and poisoned our politics. AI poses an even bigger threat.', 'AI tools like ChatGPT could wind up hypercharging everything from financial scams to government surveillance, according to tech experts.', 33, '2023-03-14 10:02:00', 'hchowdhury@insider.com (Hasan Chowdhury)', 'https://i.insider.com/640f2a59340fa00018fdb1fa?width=1200&format=jpeg', 'When Sam Altman was sunsetting his first startup in early 2012, there was little indication that his path ahead would parallel that of Silicon Valley\'s then-wunderkind Mark Zuckerberg.\r\nWhile Altman … [+11649 chars]', 'https://www.businessinsider.com/ai-technology-chatgpt-openai-bing-threat-society-economy-social-medi'),
(2263, 'Someone hacked my phone and stole my credit card. I set out to find them.', 'Verizon, Chase, and the police were all useless when my identity got hacked. Then Psycho Bunny came to the rescue.', 33, '2023-04-02 12:00:16', 'Avery Hartmans', 'https://i.insider.com/642203358c966b0019498ebd?width=1200&format=jpeg', 'After gaining control of my phone, a hacker ripped me off for $10,000. The scam turned out to be brilliant — and terrifying.Frank Stockton for Insider\r\nVerizon, Chase, the police — they were all usel… [+20353 chars]', 'https://www.businessinsider.com/credit-card-phone-theft-sim-swap-identity-theft-investigation-2023-4'),
(2264, 'Why Managers Should Think More Like Hackers', '                Hackers are systems thinkers; they have an attitude that allows them to identify opportunities to make outsized impacts creatively, quickly, and resourcefully. Managers could benefit from thinking more like hackers. Hacking helps us take a step back from the …                ', 33, '2023-04-06 15:00:00', 'Paulo Savaget', 'https://hbr.org/resources/images/article_assets/2023/04/Apr23_06_MrNelsonDesign.jpg', 'It can help you work around obstacles, find opportunities across silos, and more.\r\n\"&gt;\r\nOnce while procrastinating at work, I stumbled upon the story of a computer hacker and cybercriminal, Albert … [+12007 chars]', 'https://hbr.org/2023/04/why-managers-should-think-more-like-hackers'),
(2265, 'Apparent leaked U.S. docs suggest pro-Russian hackers got at Canada\'s gas network. Is cybersecurity', '                                                                                                                                                                                                                                Apparent leaked U.S. docs suggest pro-Russian hackers got at Canada\'s gas network. Is cybersecurity an issue?  CBC.ca Pro-Russian hackers claim to have targeted Canada\'s gas pipeline infrastructure: leaked documents  The Globe and Mail…                                                                                                                                                                                                                                ', 33, '2023-11-04 10:27:00', 'as', 'https://consent.google.com/ml?continue=https://news.google.com/rss/articles/CBMiVGh0dHBzOi8vd3d3LmNi', '                                We use cookies and data to<ul><li>Deliver and maintain Google services</li><li>Track outages and protect against spam, fraud, and abuse</li><li>Measure audience engagement and site statistics to unde… [+1131 chars]                                ', '');

-- --------------------------------------------------------

--
-- Table structure for table `settings`
--

CREATE TABLE `settings` (
  `id` int(11) NOT NULL,
  `websitename` varchar(60) NOT NULL,
  `logo` varchar(50) NOT NULL,
  `footerdesc` varchar(255) NOT NULL
) ENGINE=InnoDB DEFAULT CHARSET=utf8mb4 COLLATE=utf8mb4_general_ci;

--
-- Dumping data for table `settings`
--

INSERT INTO `settings` (`id`, `websitename`, `logo`, `footerdesc`) VALUES
(1, 'Technology News', 'tech-news-smaller.png', '© Copyright 2023 Technology News | Powered by IT120P');

-- --------------------------------------------------------

--
-- Table structure for table `user`
--

CREATE TABLE `user` (
  `user_id` int(10) UNSIGNED NOT NULL,
  `first_name` varchar(30) NOT NULL,
  `last_name` varchar(30) NOT NULL,
  `username` varchar(30) DEFAULT NULL,
  `password` varchar(40) DEFAULT NULL,
  `role` int(11) NOT NULL
) ENGINE=MyISAM DEFAULT CHARSET=latin1 COLLATE=latin1_swedish_ci;

--
-- Dumping data for table `user`
--

INSERT INTO `user` (`user_id`, `first_name`, `last_name`, `username`, `password`, `role`) VALUES
(39, 'user', 'user', 'user', 'ee11cbb19052e40b07aac0ca060c23ee', 0),
(27, 'admin', 'admin', 'admin', '21232f297a57a5a743894a0e4a801fc3', 1);

--
-- Indexes for dumped tables
--

--
-- Indexes for table `category`
--
ALTER TABLE `category`
  ADD PRIMARY KEY (`category_id`);

--
-- Indexes for table `post`
--
ALTER TABLE `post`
  ADD PRIMARY KEY (`post_id`),
  ADD UNIQUE KEY `post_id` (`post_id`);

--
-- Indexes for table `settings`
--
ALTER TABLE `settings`
  ADD PRIMARY KEY (`id`);

--
-- Indexes for table `user`
--
ALTER TABLE `user`
  ADD PRIMARY KEY (`user_id`);

--
-- AUTO_INCREMENT for dumped tables
--

--
-- AUTO_INCREMENT for table `category`
--
ALTER TABLE `category`
  MODIFY `category_id` int(11) NOT NULL AUTO_INCREMENT, AUTO_INCREMENT=37;

--
-- AUTO_INCREMENT for table `post`
--
ALTER TABLE `post`
  MODIFY `post_id` int(11) NOT NULL AUTO_INCREMENT, AUTO_INCREMENT=2267;

--
-- AUTO_INCREMENT for table `settings`
--
ALTER TABLE `settings`
  MODIFY `id` int(11) NOT NULL AUTO_INCREMENT, AUTO_INCREMENT=2;

--
-- AUTO_INCREMENT for table `user`
--
ALTER TABLE `user`
  MODIFY `user_id` int(10) UNSIGNED NOT NULL AUTO_INCREMENT, AUTO_INCREMENT=54;
COMMIT;

/*!40101 SET CHARACTER_SET_CLIENT=@OLD_CHARACTER_SET_CLIENT */;
/*!40101 SET CHARACTER_SET_RESULTS=@OLD_CHARACTER_SET_RESULTS */;
/*!40101 SET COLLATION_CONNECTION=@OLD_COLLATION_CONNECTION */;
